,时间,农林牧渔业固定资产投资额累计增长(%),林业固定资产投资额累计增长(%),采矿业固定资产投资额累计增长(%),煤炭开采及洗选业固定资产投资额累计增长(%),石油和天然气开采业固定资产投资额累计增长(%),黑色金属矿采选业固定资产投资额累计增长(%),有色金属矿采选业固定资产投资额累计增长(%),非金属矿采选业固定资产投资额累计增长(%),其他采矿业固定资产投资额累计增长(%),制造业固定资产投资额累计增长(%),农副食品加工业固定资产投资额累计增长(%),食品制造业固定资产投资额累计增长(%),饮料制造业固定资产投资额累计增长(%),烟草制造业固定资产投资额累计增长(%),纺织业固定资产投资额累计增长(%),纺织服装、鞋、帽制造业固定资产投资额累计增长(%),皮革、毛皮、羽毛(绒)及其制品业固定资产投资额累计增长(%),木材加工及木、竹、藤、棕、草制品业固定资产投资额累计增长(%),家具制造业固定资产投资额累计增长(%),造纸及纸制品业固定资产投资额累计增长(%),印刷业和记录媒介的复制固定资产投资额累计增长(%),文教体育用品制造业固定资产投资额累计增长(%),石油加工、炼焦及核燃料加工业固定资产投资额累计增长(%),化学原料及化学制品制造业固定资产投资额累计增长(%),医药制造业固定资产投资额累计增长(%),化学纤维制造业固定资产投资额累计增长(%),橡胶制品业固定资产投资额累计增长(%),塑料制品业固定资产投资额累计增长(%),非金属矿物制品业固定资产投资额累计增长(%),黑色金属冶炼及压延加工业固定资产投资额累计增长(%),有色金属冶炼及压延加工业固定资产投资额累计增长(%),金属制品业固定资产投资额累计增长(%),通用设备制造业固定资产投资额累计增长(%),专用设备制造业固定资产投资额累计增长(%),交通运输设备制造业固定资产投资额累计增长(%),电气机械及器材制造业固定资产投资额累计增长(%),通信设备、计算机及其他电子设备制造业固定资产投资额累计增长(%),仪器仪表及文化、办公用机械制造业固定资产投资额累计增长(%),工艺品及其他制造业固定资产投资额累计增长(%),废弃资源和废旧材料回收加工业固定资产投资额累计增长(%),电力、燃气及水的生产和供应业固定资产投资额累计增长(%),电力、热力的生产与供应业固定资产投资额累计增长(%),燃气生产与供应业固定资产投资额累计增长(%),水的生产与供应业固定资产投资额累计增长(%),建筑业固定资产投资额累计增长(%),交通运输、仓储和邮政业固定资产投资额累计增长(%),铁路运输业固定资产投资额累计增长(%),道路运输业固定资产投资额累计增长(%),城市公共交通业固定资产投资额累计增长(%),水上运输业固定资产投资额累计增长(%),航空运输业固定资产投资额累计增长(%),信息传输、计算机服务和软件业固定资产投资额累计增长(%),批发和零售业固定资产投资额累计增长(%),住宿和餐饮业固定资产投资额累计增长(%),金融业固定资产投资额累计增长(%),房地产业固定资产投资额累计增长(%),租赁和商务服务业固定资产投资额累计增长(%),科学研究、技术服务和地质勘查业固定资产投资额累计增长(%),水利、环境和公共设施管理业固定资产投资额累计增长(%),水利管理业固定资产投资额累计增长(%),环境管理业固定资产投资额累计增长(%),公共设施管理业固定资产投资额累计增长(%),居民服务和其他服务业固定资产投资额累计增长(%),教育固定资产投资额累计增长(%),卫生、社会保障和社会福利业固定资产投资额累计增长(%),卫生固定资产投资额累计增长(%),文化、体育和娱乐业固定资产投资额累计增长(%),公共管理和社会组织固定资产投资额累计增长(%),国际组织固定资产投资额累计增长(%),农业固定资产投资额累计增长(%),畜牧业固定资产投资额累计增长(%),渔业固定资产投资额累计增长(%),农、林、牧、渔服务业固定资产投资额累计增长(%),酒、饮料和精制茶制造业固定资产投资额累计增长(%),烟草制品业固定资产投资额累计增长(%),纺织服装、服饰业固定资产投资额累计增长(%),皮革、毛皮、羽毛及其制品和制鞋业固定资产投资额累计增长(%),印刷和记录媒介复制业固定资产投资额累计增长(%),文教、工美、体育和娱乐用品制造业固定资产投资额累计增长(%),石油加工、炼焦和核燃料加工业固定资产投资额累计增长(%),化学原料和化学制品制造业固定资产投资额累计增长(%),橡胶和塑料制品业固定资产投资额累计增长(%),黑色金属冶炼和压延加工业固定资产投资额累计增长(%),有色金属冶炼和压延加工业固定资产投资额累计增长(%),汽车制造业固定资产投资额累计增长(%),铁路、船舶、航空航天和其他运输设备制造业固定资产投资额累计增长(%),电气机械和器材制造业固定资产投资额累计增长(%),计算机、通信和其他电子设备制造业固定资产投资额累计增长(%),仪器仪表制造业固定资产投资额累计增长(%),废弃资源综合利用业固定资产投资额累计增长(%),金属制品、机械和设备修理业固定资产投资额累计增长(%),管道运输业固定资产投资额累计增长(%),装卸搬运和仓储业固定资产投资额累计增长(%),电信、广播电视和卫星传输服务固定资产投资额累计增长(%),文化艺术业固定资产投资额累计增长(%),农、林、牧、渔专业及辅助性活动固定资产投资额累计增长(%),石油、煤炭及其他燃料加工业加工业固定资产投资额累计增长(%)
93,2004年3月,0.44,-28.67,33.54,94.0,15.9,207.76,127.21,85.4,672.51,75.82,73.96,60.27,60.54,-5.2,100.72,103.08,42.24,57.01,125.0,68.92,59.61,147.81,92.59,91.83,37.73,84.53,36.54,58.69,117.54,106.37,89.2,130.35,48.12,73.9,80.61,120.93,16.96,5.61,28.68,25.39,53.11,57.36,39.87,16.68,82.78,27.26,-59.44,24.95,13.64,124.52,99.73,3.39,49.32,55.13,64.31,38.36,85.2,8.94,54.67,6.73,-9.03,81.6,74.56,57.32,12.62,15.82,23.12,24.39,-78.08,,,,,,,,,,,,,,,,,,,,,,,,,,,,
92,2004年4月,17.9,-12.6,32.0,90.6,13.2,263.8,84.0,49.1,725.0,65.1,76.4,56.6,41.2,9.7,51.1,97.4,34.9,65.8,73.3,52.9,50.8,156.6,119.5,73.5,26.8,34.7,24.9,39.6,97.3,90.1,82.9,143.8,59.4,83.0,68.2,111.1,13.9,21.2,20.8,19.0,47.8,49.7,34.3,32.8,75.2,33.5,36.2,26.7,22.1,90.2,73.2,5.4,59.5,74.2,67.3,33.4,36.7,22.7,47.7,8.6,3.2,62.6,81.3,39.3,34.8,38.8,27.4,16.5,-55.6,,,,,,,,,,,,,,,,,,,,,,,,,,,,
91,2004年5月,11.7,-20.4,24.6,54.0,9.8,218.0,53.5,56.1,426.7,51.3,64.4,36.3,26.6,1.0,34.8,61.5,43.8,42.3,53.4,42.3,43.1,106.5,121.1,66.0,19.0,16.8,38.8,28.6,68.4,70.5,61.8,92.8,42.0,51.9,57.6,84.9,9.1,26.0,23.2,91.2,47.3,49.3,37.7,30.6,47.2,23.2,-8.0,26.3,23.0,33.2,73.2,1.3,54.8,69.7,53.0,30.2,16.1,9.0,38.7,2.5,3.6,52.8,43.3,35.3,27.9,30.0,20.3,7.0,-63.6,,,,,,,,,,,,,,,,,,,,,,,,,,,,
90,2004年6月,7.2,-23.2,27.7,58.3,8.0,205.7,58.3,52.9,137.5,42.0,42.0,21.8,16.3,-1.7,31.4,38.6,39.7,65.8,48.3,48.7,42.4,45.7,132.4,47.1,18.4,0.7,30.5,38.6,53.8,51.5,40.9,66.5,51.4,40.1,50.9,47.9,10.8,39.0,18.0,42.1,48.8,52.1,4.4,36.3,28.0,21.5,-1.6,25.3,14.6,30.7,63.6,5.7,45.2,51.9,41.5,28.0,11.6,-8.7,35.5,0.1,1.9,48.9,14.0,30.0,21.8,24.1,24.6,5.8,-81.0,,,,,,,,,,,,,,,,,,,,,,,,,,,,
89,2004年7月,15.0,-22.6,35.2,64.3,15.5,256.6,31.9,78.2,124.6,41.9,38.5,24.6,14.9,-6.6,27.1,36.0,37.8,70.2,49.7,45.6,32.7,62.0,129.2,49.6,15.7,12.8,35.3,38.6,54.9,44.2,35.5,62.5,51.5,40.1,52.4,55.4,23.5,29.4,9.9,62.8,49.4,52.5,10.4,35.7,28.7,24.3,3.7,25.7,14.7,50.3,50.2,6.7,44.5,46.7,34.0,28.7,14.9,-5.2,30.5,1.8,2.3,40.5,17.6,26.5,28.1,30.8,20.2,1.1,-71.4,,,,,,,,,,,,,,,,,,,,,,,,,,,,
88,2004年8月,16.3,-22.7,35.6,63.1,15.0,256.2,39.1,88.4,85.9,40.7,43.9,25.4,18.3,-8.3,28.3,35.5,42.9,71.3,52.9,35.7,25.4,56.5,127.5,45.6,18.7,14.0,29.1,31.7,49.8,40.8,27.1,57.4,52.0,42.8,49.8,57.5,30.5,28.2,11.3,64.2,48.8,51.7,10.8,37.3,30.8,23.8,-4.0,26.7,15.4,49.1,43.0,5.0,46.3,50.3,13.9,28.7,30.9,-7.2,25.0,1.6,0.2,32.7,15.2,25.9,23.1,26.1,17.6,2.7,-73.1,,,,,,,,,,,,,,,,,,,,,,,,,,,,
87,2004年9月,21.4,-18.3,36.9,63.7,14.8,275.6,41.2,75.2,152.1,41.7,44.2,25.2,17.7,-4.0,27.7,32.4,41.4,65.6,54.0,39.5,26.1,46.9,123.3,51.0,19.6,29.1,26.8,34.5,48.7,34.2,32.6,57.0,54.8,37.3,51.4,66.8,41.8,27.5,9.8,80.5,48.2,50.5,17.5,38.0,33.0,21.9,2.1,25.4,8.0,46.5,24.8,4.6,41.1,50.2,13.5,28.9,31.5,7.9,19.7,1.5,2.1,25.2,23.9,24.8,24.8,27.4,21.5,2.8,-83.3,,,,,,,,,,,,,,,,,,,,,,,,,,,,
86,2004年10月,23.1,-20.1,39.2,62.1,17.2,272.7,52.5,66.6,138.0,40.4,43.8,25.7,21.6,-0.4,26.7,30.3,34.0,61.9,56.5,41.8,29.8,44.6,116.4,47.7,20.4,31.9,28.2,33.6,46.6,34.1,27.3,58.2,54.9,35.9,45.5,66.1,37.3,26.3,16.9,138.3,48.5,50.8,30.6,32.9,29.5,21.6,0.8,25.3,6.1,46.7,24.9,2.5,41.1,44.3,8.3,28.8,31.2,10.5,19.0,3.7,0.9,23.9,32.3,24.3,25.7,28.5,20.5,2.1,-63.6,,,,,,,,,,,,,,,,,,,,,,,,,,,,
85,2004年11月,24.0,-19.0,38.2,62.8,16.9,216.7,49.5,64.2,84.6,39.2,42.2,25.0,20.5,0.7,25.8,28.7,36.7,60.0,56.8,39.5,33.6,46.3,104.1,42.0,22.9,41.1,22.5,30.7,45.2,33.9,24.4,58.0,58.3,36.3,43.7,72.6,35.7,27.6,12.6,131.4,47.2,48.9,45.2,30.8,29.1,20.9,-2.1,23.9,9.2,42.9,30.0,-0.5,40.3,43.5,5.7,29.2,36.1,10.9,18.5,2.6,1.4,23.4,41.4,27.2,29.1,31.3,17.0,1.1,-27.3,,,,,,,,,,,,,,,,,,,,,,,,,,,,
84,2004年12月,20.3,-7.5,38.1,60.8,17.9,165.5,65.0,56.4,78.0,36.3,38.7,25.2,21.0,0.2,24.1,31.1,24.5,55.0,43.0,34.1,33.1,29.7,98.8,41.4,17.9,44.1,26.5,29.1,43.6,26.9,23.4,58.2,52.9,34.7,43.2,64.2,32.7,33.5,4.0,108.6,43.5,45.5,43.6,24.8,40.4,20.2,16.5,22.3,-9.7,46.0,23.3,-2.5,39.7,37.5,3.9,29.1,19.9,18.6,14.4,4.1,-3.0,18.1,65.8,21.8,22.6,23.8,11.2,11.0,-31.0,,,,,,,,,,,,,,,,,,,,,,,,,,,,
81,2005年3月,39.9,24.8,25.7,86.1,4.0,96.6,27.9,56.9,-4.3,25.6,50.1,20.6,-7.8,23.6,18.6,24.7,67.5,46.9,30.7,56.2,39.6,46.6,36.0,34.6,13.5,-0.7,7.3,61.6,-2.9,-1.4,6.0,33.2,82.4,45.0,41.5,40.2,40.3,22.1,57.9,47.6,44.0,46.0,47.1,17.5,-38.8,28.4,429.1,25.7,0.5,39.5,-45.2,7.0,43.1,56.8,-34.6,27.8,52.2,8.0,18.2,9.1,34.3,18.9,45.0,-6.6,41.9,45.2,5.5,6.7,-100.0,,,,,,,,,,,,,,,,,,,,,,,,,,,,
80,2005年4月,32.9,15.0,42.7,69.4,30.3,103.6,35.1,59.3,10.6,28.8,54.0,23.8,4.5,3.8,24.5,35.5,91.2,42.5,56.7,57.2,40.7,26.8,24.1,24.1,21.5,73.5,6.2,49.1,11.3,3.9,18.8,52.8,85.7,62.7,38.2,37.5,29.8,4.0,58.2,80.6,38.1,39.5,61.5,12.5,-28.8,22.2,78.1,24.2,14.0,32.0,-43.0,10.8,40.2,49.0,-16.4,27.8,45.2,3.3,22.9,13.1,32.8,19.6,46.7,-1.6,36.4,33.1,10.4,6.1,-100.0,,,,,,,,,,,,,,,,,,,,,,,,,,,,
79,2005年5月,27.5,28.2,49.2,82.8,31.5,129.2,44.4,67.8,32.9,31.7,54.4,35.2,11.7,0.9,26.6,42.3,77.0,55.4,64.7,45.0,40.0,37.0,20.2,27.5,24.4,31.3,0.9,46.4,11.7,7.8,24.7,65.9,90.7,79.8,41.8,46.3,32.9,7.6,52.0,95.4,34.2,35.3,62.3,9.5,-19.8,22.3,58.0,23.1,16.7,36.9,-42.7,3.3,40.3,57.5,-14.0,26.6,55.1,13.8,18.2,1.2,28.4,21.1,48.4,6.7,32.5,32.6,12.0,11.2,-100.0,,,,,,,,,,,,,,,,,,,,,,,,,,,,
78,2005年6月,20.8,15.6,54.9,81.7,36.2,106.2,44.4,76.6,92.6,35.1,59.7,37.1,21.2,3.7,33.4,43.7,67.8,47.7,68.5,32.1,37.0,43.3,7.8,35.1,18.1,18.5,17.4,34.3,13.0,18.6,28.4,75.6,77.8,74.2,46.9,56.3,32.3,13.1,71.2,166.8,35.9,37.4,64.1,8.5,-11.7,24.8,48.0,24.0,24.8,34.3,-28.0,-4.9,39.8,55.6,-26.9,25.3,49.3,14.9,17.2,5.3,25.5,19.0,61.3,10.3,35.1,34.8,12.0,5.2,275.0,,,,,,,,,,,,,,,,,,,,,,,,,,,,
77,2005年7月,17.7,14.2,52.8,83.2,28.6,100.9,77.5,77.0,89.8,35.1,66.5,45.3,23.4,3.8,33.4,46.9,72.1,54.4,68.7,37.0,44.4,34.6,15.1,30.7,17.3,6.3,14.1,27.1,14.1,19.3,29.8,73.8,72.2,75.1,47.4,58.1,23.6,22.3,68.2,211.6,35.9,37.1,71.8,9.5,-7.5,23.9,29.1,23.7,25.5,41.6,-9.8,-7.5,40.5,59.0,-9.5,24.8,46.7,18.6,19.6,8.5,27.6,21.3,63.5,12.3,32.5,31.9,15.6,8.0,216.7,,,,,,,,,,,,,,,,,,,,,,,,,,,,
76,2005年8月,20.0,20.5,50.5,81.9,25.6,98.7,82.7,62.6,7.6,35.7,61.6,45.9,27.1,11.5,34.9,45.0,63.5,52.8,66.5,38.5,47.2,34.5,15.3,32.6,15.8,5.5,16.6,33.0,16.3,20.5,29.8,75.0,76.9,70.6,50.6,54.8,19.7,24.4,60.1,194.1,35.1,36.0,74.9,10.0,-11.3,24.9,39.2,22.5,26.8,38.4,12.1,-8.3,40.0,54.5,-11.5,23.9,46.6,28.0,22.1,11.2,30.9,23.6,59.9,11.9,37.6,36.4,27.3,9.4,214.3,,,,,,,,,,,,,,,,,,,,,,,,,,,,
75,2005年9月,18.7,15.9,51.3,76.8,31.3,91.1,54.9,63.4,-11.2,36.1,55.6,45.5,33.1,2.4,37.2,49.2,68.2,57.9,72.9,37.5,50.0,42.3,16.3,29.3,17.5,3.2,13.6,33.5,17.4,23.4,28.1,79.3,82.0,73.1,47.7,51.5,19.1,26.5,57.7,209.4,34.6,35.7,60.8,11.8,-7.6,26.3,41.1,22.2,32.2,46.1,27.2,-5.5,43.8,54.1,-5.8,23.6,47.0,19.5,24.2,12.4,27.4,26.1,53.1,13.4,40.9,40.1,22.6,5.4,275.0,,,,,,,,,,,,,,,,,,,,,,,,,,,,
74,2005年10月,20.7,30.5,50.3,76.3,31.1,83.3,40.2,76.1,0.0,37.1,54.4,45.0,34.7,2.9,40.3,49.3,71.1,59.4,75.9,33.3,49.2,46.1,18.7,31.1,19.4,-0.3,10.1,37.2,20.5,22.0,30.4,81.2,84.0,69.9,54.3,54.0,18.9,27.9,45.3,112.2,32.1,33.2,44.4,13.9,1.3,27.0,44.1,23.0,35.2,46.3,30.2,-5.0,40.9,56.0,4.7,22.5,46.0,21.6,23.6,9.3,26.0,26.2,47.8,12.7,43.9,43.1,21.2,5.1,,,,,,,,,,,,,,,,,,,,,,,,,,,,,
73,2005年11月,24.1,37.4,49.5,75.5,27.3,89.0,50.8,80.5,8.0,38.0,56.2,49.2,37.9,4.2,38.1,46.8,68.6,59.0,74.5,30.7,45.0,45.5,21.7,34.6,16.8,-1.8,13.6,43.3,23.3,21.1,34.8,81.5,81.4,67.4,55.2,50.6,20.5,27.3,55.7,121.0,31.8,33.2,33.6,15.1,4.5,26.1,38.3,22.0,37.7,48.5,33.5,-4.0,39.9,55.7,8.8,23.6,37.2,17.7,24.2,9.2,27.3,26.8,43.4,13.1,41.0,40.3,24.7,-0.5,-100.0,,,,,,,,,,,,,,,,,,,,,,,,,,,,
72,2005年12月,27.5,17.4,50.7,65.6,29.7,114.6,56.4,104.2,63.6,38.6,62.9,48.2,38.2,10.5,38.0,47.3,70.8,58.2,80.1,31.6,35.2,60.1,25.8,33.7,16.6,2.0,11.2,42.1,26.6,27.5,32.4,77.3,81.6,68.9,51.1,44.9,18.2,23.2,49.8,58.0,31.1,33.7,31.3,4.2,57.7,22.3,45.7,16.4,34.4,46.6,10.6,-5.8,31.6,55.1,5.6,20.5,42.2,27.8,22.3,9.2,27.3,24.6,28.8,8.4,29.8,28.9,28.4,12.2,-100.0,,,,,,,,,,,,,,,,,,,,,,,,,,,,
69,2006年3月,47.1,49.1,43.2,57.4,22.0,93.8,96.7,121.8,100.0,36.3,53.8,88.7,61.4,-1.7,38.4,56.3,62.3,58.8,84.8,11.7,37.0,33.0,41.4,26.2,33.5,3.0,64.6,26.9,38.4,-2.2,16.1,76.0,71.1,44.3,43.8,69.5,33.7,23.5,62.6,90.3,17.7,15.8,76.5,18.7,73.0,29.6,57.7,18.8,38.6,34.9,46.8,10.7,59.3,72.6,98.9,23.8,49.7,23.7,22.3,12.7,1.2,25.0,3.9,19.1,38.6,33.8,74.0,35.5,0.0,,,,,,,,,,,,,,,,,,,,,,,,,,,,
68,2006年4月,33.9,25.3,32.0,58.2,3.7,104.1,108.2,119.7,119.2,37.6,54.5,72.0,58.3,18.5,38.3,60.0,41.2,52.6,65.9,10.9,41.2,39.5,34.7,29.8,29.2,-22.0,72.3,34.9,32.1,7.9,15.6,56.3,72.6,43.1,52.3,76.0,36.5,42.8,61.8,115.8,16.5,15.6,41.7,16.2,63.2,31.3,85.7,17.6,27.3,30.3,58.3,1.3,57.7,73.3,59.5,24.4,65.1,28.6,22.2,6.0,3.8,26.2,12.9,17.9,30.8,27.1,69.4,32.1,,,,,,,,,,,,,,,,,,,,,,,,,,,,,
67,2006年5月,36.3,26.2,36.7,63.9,8.3,85.7,104.9,94.9,89.5,37.1,42.1,59.7,71.8,24.0,43.2,62.3,45.9,47.7,64.2,10.6,38.9,42.2,31.3,26.7,21.6,3.2,83.2,46.4,37.4,8.5,23.0,52.6,70.9,36.4,45.9,71.5,35.8,40.3,56.3,129.1,19.1,18.4,29.6,22.6,82.8,29.2,93.8,16.5,39.9,11.5,79.7,1.8,52.3,60.8,45.1,25.3,46.5,32.5,29.2,7.4,12.5,33.9,14.7,16.1,25.1,23.7,69.8,27.9,,,,,,,,,,,,,,,,,,,,,,,,,,,,,
66,2006年6月,40.2,34.6,45.6,45.7,30.3,81.0,92.5,107.6,45.4,38.6,38.5,65.1,67.2,22.9,40.6,55.2,48.7,52.9,58.6,18.3,49.0,45.1,42.3,29.8,19.9,18.1,69.1,55.1,43.7,2.3,32.7,48.0,71.7,42.6,44.5,68.2,38.7,46.6,45.6,85.7,17.5,16.3,28.6,29.0,69.5,27.0,87.6,13.9,49.5,23.3,76.9,5.2,41.0,50.4,88.5,27.9,43.5,30.0,32.7,9.7,27.2,37.1,24.5,9.4,32.2,30.6,66.9,23.1,,,,,,,,,,,,,,,,,,,,,,,,,,,,,
65,2006年7月,39.4,48.6,42.8,42.5,31.0,71.4,66.5,87.3,58.0,38.1,35.1,56.1,70.1,35.0,43.2,50.2,44.1,46.5,56.9,16.5,40.6,45.1,33.4,30.6,20.7,23.6,77.9,64.0,46.7,1.2,34.3,55.4,70.2,40.1,40.8,62.5,40.1,38.5,54.4,63.3,17.2,16.4,22.8,24.9,70.7,25.3,84.7,13.2,55.0,18.1,63.4,13.2,40.1,45.5,59.2,28.0,44.9,24.3,29.3,7.9,23.7,33.3,23.8,8.2,28.7,27.6,57.5,24.0,,,,,,,,,,,,,,,,,,,,,,,,,,,,,
64,2006年8月,38.2,48.5,37.2,36.3,27.2,56.4,61.1,78.8,176.3,36.0,37.2,53.1,62.3,23.9,31.6,41.4,45.9,44.2,62.5,14.1,37.2,43.4,31.8,27.3,16.4,18.8,77.4,62.1,43.2,-1.4,37.5,55.7,64.6,42.6,35.9,59.3,44.4,36.5,58.9,91.6,16.3,15.4,16.0,29.0,56.9,29.5,129.1,12.7,48.1,20.6,47.4,15.1,37.6,44.0,52.8,28.1,35.4,14.8,25.6,3.0,21.5,29.7,24.1,9.9,28.6,27.7,43.9,12.9,,,,,,,,,,,,,,,,,,,,,,,,,,,,,
63,2006年9月,37.0,49.5,33.4,36.4,19.3,47.4,76.7,75.6,137.7,33.8,37.9,48.3,60.1,38.0,27.9,39.7,41.0,37.3,56.6,10.7,32.3,37.5,27.8,26.1,11.8,18.9,75.7,56.4,39.0,-0.9,32.0,48.9,60.9,40.0,37.8,57.0,40.7,34.4,61.4,91.0,16.1,15.1,15.6,29.9,47.8,28.6,107.0,14.3,47.4,17.0,49.7,16.9,31.8,41.5,50.1,28.7,32.0,18.5,24.2,4.4,21.1,27.7,29.1,9.2,24.8,24.0,41.3,20.0,,,,,,,,,,,,,,,,,,,,,,,,,,,,,
62,2006年10月,34.9,42.5,32.7,31.8,22.9,41.1,77.4,64.3,113.5,30.5,34.1,44.6,58.7,31.7,22.1,36.9,44.8,39.3,48.7,11.3,30.8,32.7,21.5,22.4,6.3,23.0,76.2,52.1,36.0,-1.2,30.6,43.4,56.1,39.2,29.1,53.2,37.9,33.8,55.8,82.3,16.4,15.3,15.5,31.5,33.8,28.3,104.2,13.6,51.3,17.1,56.2,16.4,26.7,37.8,34.8,28.8,30.3,16.2,23.1,6.9,17.6,26.1,30.1,8.6,20.3,19.4,35.8,20.5,,,,,,,,,,,,,,,,,,,,,,,,,,,,,
61,2006年11月,36.8,40.7,33.9,28.9,29.1,36.8,76.6,57.5,117.3,30.1,32.4,41.3,58.6,28.4,21.1,41.7,48.3,43.3,47.6,12.8,29.2,33.4,20.0,20.8,6.4,34.0,80.2,47.9,34.2,0.1,25.3,42.4,55.6,40.6,29.7,52.2,37.7,35.1,48.9,73.7,14.8,13.5,15.2,32.7,27.2,29.8,105.1,14.5,51.1,23.3,51.7,12.4,29.0,39.5,30.4,28.1,35.4,18.6,22.9,8.8,17.6,25.5,30.8,7.3,21.9,20.4,29.9,23.5,,,,,,,,,,,,,,,,,,,,,,,,,,,,,
60,2006年12月,30.7,31.1,28.9,27.2,23.8,28.2,67.8,45.2,77.0,29.4,31.6,42.6,58.2,20.8,21.1,42.7,45.8,45.7,44.8,18.4,32.5,36.0,17.9,19.9,8.0,22.4,78.8,48.2,33.0,-2.5,27.9,50.7,52.9,39.8,25.2,45.6,38.7,41.4,49.7,107.3,12.5,11.1,20.4,25.8,50.1,25.7,60.9,12.5,61.1,27.6,53.2,14.4,23.0,37.4,11.7,25.4,37.0,9.5,22.2,13.6,33.0,23.0,34.5,7.5,17.0,16.3,23.9,18.3,,,,,,,,,,,,,,,,,,,,,,,,,,,,,
57,2007年3月,20.3,4.8,16.7,4.1,22.6,3.3,48.1,14.3,57.8,31.7,52.2,24.4,36.7,0.1,24.6,36.6,20.6,39.1,29.6,21.0,25.2,34.7,7.3,18.7,2.2,68.7,40.4,49.0,43.8,13.5,56.5,50.6,48.6,51.1,31.4,38.9,30.4,26.8,37.7,172.9,14.8,15.0,-15.0,33.0,41.8,25.6,27.0,11.8,71.8,19.6,118.5,32.8,20.5,31.2,26.6,29.1,25.2,29.2,20.1,39.3,38.8,16.6,42.1,0.4,13.0,15.1,4.3,0.2,,,,,,,,,,,,,,,,,,,,,,,,,,,,,
56,2007年4月,29.2,26.2,20.7,14.7,25.6,-6.4,43.7,25.6,21.9,32.4,42.3,28.0,44.3,2.3,23.7,37.7,20.2,52.5,45.2,22.7,18.2,41.1,15.5,22.1,2.0,36.3,33.3,57.0,50.6,6.2,48.2,52.3,55.2,51.6,29.6,39.7,34.6,32.5,33.1,92.0,12.8,11.9,0.5,33.9,42.6,20.9,20.7,8.0,78.7,10.0,105.3,30.6,24.0,33.5,12.7,29.5,28.0,21.8,21.6,33.5,40.3,18.9,63.7,3.3,19.2,21.2,10.8,4.3,,,,,,,,,,,,,,,,,,,,,,,,,,,,,
55,2007年5月,35.8,36.0,20.6,13.5,23.3,2.1,57.7,25.8,34.2,35.5,53.4,36.0,45.3,-5.4,23.8,39.1,26.5,63.1,54.2,26.3,31.1,70.0,21.9,27.4,5.1,36.6,32.6,54.8,55.4,4.9,36.3,56.1,54.1,55.7,30.6,49.8,34.0,37.3,46.7,119.8,12.5,11.3,9.3,31.7,22.6,19.6,11.4,10.8,52.7,22.0,77.3,32.2,28.3,37.5,12.0,29.7,29.2,8.0,18.4,20.1,46.3,16.8,76.8,3.6,27.2,26.7,16.2,3.5,,,,,,,,,,,,,,,,,,,,,,,,,,,,,
54,2007年6月,37.5,37.2,17.6,14.6,13.1,0.5,78.4,27.6,40.6,34.7,51.3,26.3,45.2,-3.2,20.5,35.4,21.5,60.7,43.7,27.5,22.5,56.8,25.1,32.3,7.0,29.0,30.7,44.4,50.3,9.6,35.8,51.3,52.4,52.7,30.6,44.2,32.3,22.5,46.9,100.7,15.6,14.3,13.6,33.1,28.6,19.4,7.5,14.8,36.6,20.2,51.9,22.2,32.8,43.5,14.2,31.3,26.2,11.8,19.5,18.6,41.3,18.4,62.0,7.1,24.6,22.4,14.8,9.5,0.0,,,,,,,,,,,,,,,,,,,,,,,,,,,,
53,2007年7月,46.2,33.5,17.4,17.2,10.4,2.9,71.9,30.5,47.1,35.1,50.1,28.0,37.6,-4.6,18.5,41.7,25.4,67.2,47.9,30.4,30.7,56.3,31.5,30.8,7.3,33.2,27.2,42.0,48.8,9.2,34.8,46.8,56.1,56.0,33.4,44.8,30.6,24.5,45.1,104.9,14.3,12.6,13.8,36.9,24.9,18.1,5.4,13.7,33.3,19.7,44.2,18.9,31.9,44.6,2.3,31.5,21.3,13.6,21.2,19.7,38.9,20.4,63.7,8.5,26.1,23.5,18.2,6.4,,,,,,,,,,,,,,,,,,,,,,,,,,,,,
52,2007年8月,42.9,28.9,20.3,22.0,10.5,8.4,69.5,42.8,53.4,35.7,45.6,27.4,38.4,-5.0,25.9,49.3,25.3,71.9,44.0,29.7,33.0,56.7,34.4,32.1,7.6,51.6,25.9,39.9,49.6,12.9,29.2,42.0,55.7,56.1,35.4,44.7,27.6,20.7,37.5,101.3,13.0,11.5,10.6,32.8,32.3,16.4,3.4,13.3,31.7,17.2,39.7,15.5,31.2,44.6,6.3,32.0,26.2,10.9,23.3,21.3,37.4,22.7,48.0,6.8,21.7,19.1,18.0,5.9,,,,,,,,,,,,,,,,,,,,,,,,,,,,,
51,2007年9月,41.1,26.9,23.2,24.9,13.7,10.0,71.8,41.9,50.3,35.6,42.6,26.8,36.8,-13.3,25.3,44.3,22.9,68.2,36.6,28.3,32.5,55.0,40.7,34.2,12.3,48.1,26.5,37.2,50.9,13.0,31.2,44.0,54.0,57.4,35.2,43.5,24.4,26.7,31.6,97.5,12.3,10.6,13.6,32.4,24.2,16.3,7.1,12.8,31.0,20.8,29.4,11.8,31.5,42.9,4.5,32.0,23.2,9.0,25.3,20.6,48.8,24.5,43.3,7.6,21.2,17.9,17.6,1.0,,,,,,,,,,,,,,,,,,,,,,,,,,,,,
50,2007年10月,39.9,25.6,22.3,24.2,12.3,16.6,65.2,38.1,28.5,36.5,44.4,25.3,33.1,-2.2,25.4,43.1,22.1,68.1,41.8,29.7,30.1,54.1,46.9,38.1,13.2,38.2,27.1,38.2,53.5,14.5,33.4,41.1,53.1,58.6,37.2,41.3,23.6,23.6,35.2,101.0,11.3,9.4,14.1,32.2,23.2,15.7,7.9,12.0,32.5,17.2,22.8,12.1,34.9,44.6,13.1,33.2,20.4,11.3,26.1,18.4,52.2,25.6,40.0,8.2,21.4,17.8,22.4,0.9,,,,,,,,,,,,,,,,,,,,,,,,,,,,,
49,2007年11月,37.6,24.6,21.5,24.1,9.6,22.7,61.9,42.4,31.6,37.2,45.5,24.9,35.1,-2.0,27.0,39.8,18.0,59.2,42.4,27.4,28.6,55.0,49.1,39.5,14.2,24.4,23.3,37.7,56.1,15.2,36.4,43.7,54.4,63.7,38.1,40.7,24.5,24.6,29.5,123.7,11.3,9.5,14.1,30.3,16.7,14.9,5.4,11.8,31.9,15.4,25.4,11.1,32.4,40.5,21.5,34.2,21.1,12.4,26.0,15.9,51.7,25.8,35.9,8.6,18.8,16.2,27.4,-5.4,,,,,,,,,,,,,,,,,,,,,,,,,,,,,
48,2007年12月,31.1,16.6,26.9,23.7,22.4,19.7,64.1,46.1,81.3,34.8,37.6,26.1,30.2,2.4,20.9,36.0,18.6,57.1,43.1,26.5,22.1,43.5,50.3,38.1,10.2,31.8,19.8,28.3,50.8,12.2,34.9,46.2,49.4,55.7,38.5,44.9,24.3,25.0,26.5,120.2,9.8,8.7,4.4,24.6,48.5,14.4,20.2,6.5,35.1,11.8,28.1,1.3,28.9,41.2,25.4,32.2,30.5,16.7,22.3,19.1,42.7,21.3,28.8,3.9,13.4,11.6,31.0,7.9,,,,,,,,,,,,,,,,,,,,,,,,,,,,,
45,2008年3月,80.8,98.0,31.6,41.7,14.8,70.7,70.6,36.8,-59.5,31.9,16.0,16.0,35.6,-20.4,9.2,26.9,26.5,33.0,64.4,24.0,24.0,27.3,75.1,33.1,16.5,2.1,4.7,17.6,49.2,22.4,37.2,44.5,40.3,49.3,48.0,45.0,8.5,56.9,21.9,66.0,6.6,3.1,16.3,49.8,-14.1,5.3,21.2,3.1,23.6,-4.2,-46.1,2.4,30.3,32.9,16.8,34.7,42.9,28.6,27.0,8.8,44.5,29.1,33.5,15.4,26.2,25.5,22.5,3.8,,,,,,,,,,,,,,,,,,,,,,,,,,,,,
44,2008年4月,71.6,53.4,32.1,47.0,14.5,73.6,51.5,32.5,-42.7,31.2,18.4,26.1,27.0,-11.3,13.4,19.7,40.8,33.0,49.1,31.6,31.8,18.2,80.0,36.2,17.4,29.5,7.6,18.5,44.4,20.6,37.9,35.5,34.5,50.8,38.3,41.7,5.6,42.1,23.0,106.0,7.3,4.4,15.5,40.6,-5.0,7.4,18.5,4.0,18.2,9.7,-43.5,13.4,27.6,31.9,27.9,33.9,46.4,35.2,27.2,9.0,50.3,28.9,15.3,9.3,32.8,31.9,14.4,3.7,,,,,,,,,,,,,,,,,,,,,,,,,,,,,
43,2008年5月,66.1,37.2,33.8,47.0,17.1,55.2,49.6,45.8,-27.6,30.5,18.0,18.5,22.0,-11.9,10.5,24.7,31.9,31.8,43.4,32.6,29.0,0.0,66.8,40.0,18.6,28.6,6.7,18.3,45.2,20.9,39.1,34.3,36.6,44.5,41.6,36.7,5.5,39.0,12.2,63.0,6.9,4.4,12.5,34.7,0.7,7.1,19.7,1.9,19.7,2.0,-33.1,0.0,26.2,34.6,44.2,34.0,47.9,36.0,31.2,24.3,45.8,31.3,16.8,7.8,26.9,25.8,16.6,4.6,,,,,,,,,,,,,,,,,,,,,,,,,,,,,
42,2008年6月,69.5,38.5,32.6,42.0,19.8,59.1,29.1,45.5,-18.5,31.4,17.4,19.0,15.4,10.3,6.3,24.7,29.3,30.7,33.7,28.9,25.2,8.1,57.8,34.5,25.1,29.2,9.9,19.5,46.8,23.0,42.8,40.2,35.7,45.4,45.6,44.5,11.7,48.7,9.0,47.0,9.1,7.4,14.2,25.8,-2.8,8.1,20.4,2.1,23.3,5.1,-22.2,5.3,21.3,30.6,44.7,35.1,42.1,28.6,35.4,29.0,37.6,36.2,21.3,11.2,28.2,27.0,22.9,4.1,,,,,,,,,,,,,,,,,,,,,,,,,,,,,
41,2008年7月,61.9,38.6,37.0,37.5,33.5,53.0,28.6,51.3,-27.5,32.2,19.7,18.0,19.0,11.2,6.3,18.8,29.3,23.6,33.2,26.2,20.6,8.5,55.4,38.3,27.8,31.2,9.1,18.6,46.3,28.2,44.9,37.9,35.3,43.0,46.0,45.1,15.9,51.8,14.6,62.0,11.6,10.1,18.6,23.6,-8.3,11.7,35.8,5.0,20.9,10.9,-25.9,8.9,21.7,31.1,80.5,32.7,50.2,20.1,35.0,28.1,41.8,35.5,20.1,9.5,29.0,27.6,22.6,7.7,,,,,,,,,,,,,,,,,,,,,,,,,,,,,
40,2008年8月,63.5,41.1,37.2,39.2,33.4,53.8,28.7,43.2,-17.8,33.0,22.4,18.4,19.0,15.0,4.9,19.5,28.9,25.1,31.2,23.8,20.9,7.5,51.1,41.0,30.5,18.5,14.8,19.8,47.8,26.7,48.3,41.2,36.8,41.8,47.2,46.1,15.3,54.7,20.2,60.2,11.8,10.2,23.8,23.5,0.1,11.7,27.9,4.4,29.2,13.2,-26.8,8.3,24.1,32.6,104.9,30.5,52.9,26.3,34.9,30.9,44.8,34.8,34.7,7.8,29.6,28.2,25.2,14.8,,,,,,,,,,,,,,,,,,,,,,,,,,,,,
39,2008年9月,62.8,40.6,41.6,41.6,39.4,57.9,33.2,47.7,-11.8,33.4,24.8,18.9,20.1,30.8,3.5,19.9,31.5,30.0,37.2,30.5,20.4,10.8,50.5,40.8,27.1,18.6,16.9,20.1,48.3,29.2,50.5,38.4,36.6,41.1,43.6,45.2,16.7,52.5,20.2,65.2,15.7,14.7,21.4,23.1,3.1,12.1,35.2,3.3,27.9,10.1,-27.5,6.7,25.6,32.5,104.6,29.2,56.9,26.6,33.1,31.2,39.0,32.9,33.5,6.3,29.4,28.7,26.3,16.1,,,,,,,,,,,,,,,,,,,,,,,,,,,,,
38,2008年10月,61.8,36.3,40.3,41.0,34.4,60.9,36.6,50.9,3.3,32.8,26.5,22.4,22.6,23.7,3.2,20.6,27.0,27.3,31.9,25.4,20.1,10.8,46.7,39.4,27.4,16.3,12.0,20.5,48.4,26.4,45.5,40.6,37.0,38.5,44.5,47.0,17.9,51.5,15.5,69.1,16.8,16.0,18.1,24.7,6.1,13.7,39.8,3.6,26.9,12.0,-17.1,11.2,25.1,30.7,91.9,27.2,56.2,22.8,33.6,37.2,34.6,33.1,32.6,6.6,28.7,28.0,28.0,15.4,,,,,,,,,,,,,,,,,,,,,,,,,,,,,
37,2008年11月,57.4,33.9,37.9,34.8,34.8,59.8,35.1,47.6,11.0,32.2,26.1,21.3,21.7,28.1,1.4,21.5,27.5,29.2,34.3,26.6,23.2,12.1,43.0,37.8,26.0,11.3,13.8,21.0,46.8,27.1,44.1,38.9,36.0,34.3,44.0,47.8,18.5,55.7,20.2,56.8,16.7,15.7,16.8,26.2,10.2,13.7,41.1,3.9,23.1,8.9,-17.8,11.5,26.8,31.3,70.9,25.4,54.2,36.2,33.3,34.1,32.1,33.2,37.2,7.5,31.6,29.4,29.6,23.6,,,,,,,,,,,,,,,,,,,,,,,,,,,,,
36,2008年12月,54.5,30.1,31.5,33.6,22.0,59.0,35.1,45.4,16.3,30.6,25.7,17.8,22.4,20.9,1.3,19.0,22.0,26.3,31.3,25.4,23.9,13.7,29.4,35.5,25.9,3.2,12.7,27.1,46.6,23.8,43.1,38.5,38.3,34.1,39.1,45.1,17.6,57.7,21.5,58.9,15.4,14.4,19.3,22.7,30.4,19.7,61.2,5.9,21.9,6.7,-3.8,17.1,29.2,30.5,62.6,23.0,50.6,35.9,32.2,28.5,22.7,33.5,34.2,6.0,30.6,26.8,26.0,23.2,,,,,,,,,,,,,,,,,,,,,,,,,,,,,
33,2009年3月,85.0,88.1,32.9,47.5,16.6,60.6,21.3,63.0,166.7,27.3,37.7,27.6,15.4,104.6,-4.5,7.8,21.6,22.2,-8.8,8.0,26.4,18.2,5.9,40.6,37.2,-13.6,30.0,24.2,57.7,-6.4,19.0,32.2,44.0,49.7,32.0,58.3,-2.4,30.9,20.0,84.0,18.3,15.2,39.1,40.0,66.8,55.0,102.0,43.6,69.4,27.8,-3.3,7.5,44.0,41.4,140.1,8.0,30.3,62.6,60.8,82.5,89.6,56.0,107.8,34.4,52.7,48.6,60.1,57.8,,,,,,,,,,,,,,,,,,,,,,,,,,,,,
32,2009年4月,82.1,93.8,26.5,36.6,10.1,38.3,27.8,71.1,163.8,29.0,42.0,32.6,19.2,83.9,0.8,12.5,23.1,24.1,4.9,11.5,29.8,18.4,-2.9,34.1,42.4,-17.0,25.1,28.8,57.6,0.1,25.9,38.2,44.9,47.6,35.5,57.8,-0.6,29.8,28.0,72.9,22.4,18.0,31.4,59.7,37.2,56.5,94.2,50.2,50.6,16.5,34.9,9.0,47.3,43.9,112.6,10.0,31.1,69.6,61.2,82.3,70.9,57.6,84.2,39.9,59.9,54.2,63.3,55.9,,,,,,,,,,,,,,,,,,,,,,,,,,,,,
31,2009年5月,79.7,89.1,27.7,38.4,10.1,50.6,18.8,65.2,116.5,29.9,43.0,35.4,20.8,106.2,6.0,14.4,25.0,22.4,18.5,18.3,30.4,15.9,-1.0,30.1,44.2,-13.7,33.8,31.3,55.5,0.2,28.1,38.9,47.6,42.4,38.1,60.6,-2.6,16.9,31.3,58.5,25.2,20.5,28.3,67.6,37.0,60.8,110.9,52.0,60.0,26.9,23.0,33.9,45.8,44.7,89.4,12.7,43.3,74.6,60.0,78.8,61.6,57.4,89.7,43.3,69.8,63.8,56.9,56.5,,,,,,,,,,,,,,,,,,,,,,,,,,,,,
30,2009年6月,68.9,77.4,24.4,40.5,0.3,44.1,21.4,57.7,124.4,29.3,41.1,36.6,20.3,47.8,7.0,11.6,27.1,19.6,28.6,18.3,29.7,8.2,7.5,29.1,41.1,-11.1,30.6,30.5,52.6,4.6,21.9,32.0,44.3,42.2,36.7,50.5,2.9,9.0,26.6,96.2,28.7,23.8,33.0,73.0,43.6,65.5,126.5,54.7,57.2,31.3,32.4,29.4,50.0,45.7,81.2,15.3,54.8,77.3,54.5,65.0,68.2,52.1,82.6,41.7,71.3,66.8,57.1,52.4,,,,,,,,,,,,,,,,,,,,,,,,,,,,,
29,2009年7月,62.5,70.1,20.4,39.6,-5.7,40.2,21.2,50.4,103.5,28.1,38.6,38.6,20.7,67.4,6.6,14.0,22.6,26.4,22.7,18.5,30.6,12.9,3.8,28.2,36.4,-16.2,37.9,32.6,49.6,3.3,19.7,31.0,43.1,37.2,35.2,51.7,4.7,16.1,20.8,48.8,27.4,22.7,29.4,70.7,53.8,63.7,126.9,49.2,68.4,33.5,29.7,21.8,51.2,44.3,58.4,16.8,47.0,83.2,51.8,61.3,65.9,49.5,77.6,42.2,70.2,65.4,56.7,47.6,,,,,,,,,,,,,,,,,,,,,,,,,,,,,
28,2009年8月,60.4,69.9,18.9,36.0,-7.1,32.6,25.5,50.7,93.3,27.3,37.6,36.5,25.9,83.9,6.7,15.2,22.3,26.4,27.2,24.1,28.5,13.6,0.7,27.6,37.0,-17.9,30.7,28.3,48.4,6.7,19.1,29.7,41.1,35.7,32.6,50.6,0.2,19.9,13.3,59.5,28.4,23.5,38.8,69.2,44.0,61.2,103.5,49.3,68.7,37.3,24.6,23.9,47.9,42.4,43.4,19.8,49.8,79.2,50.9,61.4,64.3,48.5,69.5,43.1,71.6,66.0,54.9,41.7,,,,,,,,,,,,,,,,,,,,,,,,,,,,,
27,2009年9月,54.8,66.7,17.5,33.0,-7.6,32.4,21.4,52.0,84.1,27.7,38.5,37.9,26.4,75.2,10.0,15.4,17.8,27.2,29.7,20.4,28.8,12.2,-2.2,28.6,37.8,-16.5,29.2,27.4,47.8,4.0,17.3,31.2,41.4,32.6,37.0,53.1,3.0,18.2,18.4,53.2,27.3,21.3,48.5,73.8,41.9,59.3,87.5,50.7,66.2,38.3,28.0,23.9,47.8,39.9,45.6,22.4,51.4,71.7,51.0,59.6,60.4,49.2,68.3,42.4,72.9,66.8,57.4,36.7,,,,,,,,,,,,,,,,,,,,,,,,,,,,,
26,2009年10月,54.1,72.0,17.3,32.5,-5.9,26.5,21.6,48.8,72.6,27.5,36.2,34.3,25.7,70.6,10.3,13.2,20.1,25.8,31.8,22.1,25.3,9.7,-2.7,27.1,39.6,-17.9,31.3,25.7,47.4,3.8,19.4,32.3,40.4,35.0,35.2,50.3,4.4,25.8,23.8,55.8,27.2,21.1,56.4,71.2,46.1,56.9,82.5,51.8,54.3,36.0,14.7,20.1,46.3,40.4,47.6,23.4,55.5,71.5,48.8,52.8,64.7,47.2,68.8,42.2,75.3,68.1,55.3,35.6,,,,,,,,,,,,,,,,,,,,,,,,,,,,,
25,2009年11月,51.5,66.9,16.8,33.6,-6.5,23.2,22.8,46.4,59.2,26.8,35.4,32.9,23.1,69.3,11.4,15.0,18.4,25.4,26.0,19.7,22.9,7.3,-1.8,27.3,41.3,-14.3,31.2,25.1,46.6,0.7,21.8,29.6,39.3,33.5,34.1,50.8,3.8,20.3,22.3,65.5,26.4,20.2,59.3,68.4,46.9,54.6,80.7,48.7,55.0,35.5,8.8,20.3,45.4,38.6,58.0,22.2,52.7,53.0,49.0,55.8,67.4,46.7,61.2,39.1,69.5,63.8,52.2,36.0,,,,,,,,,,,,,,,,,,,,,,,,,,,,,
24,2009年12月,49.9,54.3,18.2,25.9,4.4,23.9,21.1,46.5,49.5,26.8,38.2,32.4,22.4,63.7,14.8,17.0,21.5,26.7,25.9,21.5,25.9,10.4,0.4,26.9,36.3,-6.4,33.7,27.8,43.5,-1.3,16.8,29.2,37.6,37.3,31.3,51.2,6.7,23.8,25.9,76.7,28.5,22.8,58.2,66.5,57.6,48.3,67.5,40.1,59.7,37.8,3.3,18.0,39.4,34.4,38.2,19.9,50.4,48.5,45.1,52.2,65.2,42.6,61.8,37.2,58.5,54.4,47.4,29.3,,,,,,,,,,,,,,,,,,,,,,,,,,,,,
21,2010年3月,9.7,1.1,19.4,29.9,1.7,26.7,34.5,37.2,0.8,25.8,25.5,31.5,32.4,47.5,20.2,22.3,5.8,37.1,53.8,36.7,28.7,22.2,-0.7,16.3,33.3,-1.7,31.5,31.7,34.6,22.0,42.0,32.7,21.2,24.8,17.3,33.7,34.9,28.6,17.5,48.9,9.7,4.0,76.2,28.6,4.9,28.8,16.4,42.2,3.1,2.3,111.4,9.0,32.9,20.9,24.3,36.2,56.0,19.2,24.5,15.4,39.9,24.8,5.3,15.0,41.7,36.9,30.3,1.4,,,,,,,,,,,,,,,,,,,,,,,,,,,,,
20,2010年4月,16.5,15.6,18.5,27.8,2.7,18.5,30.8,39.4,-16.9,24.6,25.4,16.4,31.9,16.3,18.3,22.6,-2.0,31.1,46.3,28.5,23.4,24.3,4.1,15.5,27.5,11.1,27.0,27.7,32.7,11.5,42.1,28.7,22.0,22.9,24.9,34.3,38.5,29.4,9.3,65.3,9.1,5.6,76.3,10.4,24.4,28.8,17.5,36.5,15.4,24.8,56.9,-3.5,26.9,20.2,28.0,37.6,56.1,17.4,23.6,18.6,40.3,23.2,34.4,9.8,27.2,23.0,37.9,4.2,,,,,,,,,,,,,,,,,,,,,,,,,,,,,
19,2010年5月,16.1,25.2,21.3,26.5,5.9,19.9,42.9,43.2,7.4,24.8,24.7,23.0,30.4,17.6,17.6,19.0,1.6,36.3,31.2,20.6,20.1,23.9,7.4,18.6,25.2,26.9,23.9,24.9,31.7,12.4,33.2,25.5,18.7,27.7,22.6,33.4,52.2,29.5,18.4,69.4,11.3,8.0,80.1,11.1,25.4,27.5,20.4,33.5,6.7,22.4,54.4,-13.2,27.5,20.1,46.6,37.0,53.2,14.1,25.1,24.0,42.0,24.0,32.6,7.5,24.7,22.4,37.5,2.4,,,,,,,,,,,,,,,,,,,,,,,,,,,,,
18,2010年6月,17.8,27.7,19.0,21.9,7.7,14.1,34.6,38.1,18.1,24.9,22.7,23.6,30.9,28.0,21.0,22.9,9.9,37.0,24.2,17.0,18.6,21.6,9.0,17.3,25.8,29.0,32.6,23.6,31.0,9.4,34.2,24.0,18.3,28.2,25.4,37.2,44.1,39.2,28.9,59.1,10.2,7.2,77.8,8.1,32.2,25.1,22.5,27.1,7.1,23.9,43.4,-5.2,19.3,22.7,48.9,37.0,51.9,18.2,26.8,22.0,35.4,26.9,22.6,7.5,18.2,16.1,33.0,5.5,,,,,,,,,,,,,,,,,,,,,,,,,,,,,
17,2010年7月,18.9,29.5,19.2,20.5,7.9,16.7,33.8,41.1,72.6,25.1,25.3,20.6,30.2,7.1,23.9,25.2,12.3,34.8,30.8,16.1,19.1,17.1,3.8,18.9,27.9,36.8,34.5,24.1,30.9,1.6,35.5,27.0,22.0,32.9,24.3,35.2,38.9,39.6,33.0,95.4,9.9,6.9,78.5,7.2,20.5,24.1,21.5,26.3,1.9,21.1,55.7,-8.7,18.1,24.5,52.9,35.2,45.6,15.5,27.3,24.9,31.6,27.3,28.5,9.4,18.2,16.8,29.7,6.8,,,,,,,,,,,,,,,,,,,,,,,,,,,,,
16,2010年8月,18.6,24.6,20.3,20.9,10.3,21.1,30.3,39.1,63.2,24.9,24.8,24.3,27.5,-12.0,23.3,23.9,12.1,32.8,27.8,12.4,19.1,18.9,5.9,15.4,29.3,50.7,35.6,26.6,29.5,-1.8,35.4,27.7,22.7,32.5,25.3,37.0,45.4,37.1,35.5,80.7,10.5,7.9,67.3,7.0,20.9,22.8,21.7,25.1,-2.7,21.3,46.9,-7.0,17.9,24.6,55.3,34.8,40.2,15.1,26.9,26.2,29.2,26.8,39.6,12.5,16.0,14.9,30.0,8.1,,,,,,,,,,,,,,,,,,,,,,,,,,,,,
15,2010年9月,17.7,21.8,17.9,18.4,7.4,19.4,29.3,36.8,59.7,25.4,25.9,23.9,24.7,-9.0,21.4,25.5,18.3,29.5,22.3,11.0,20.3,20.4,6.6,14.2,31.1,49.2,35.9,26.3,30.7,0.3,37.0,27.6,23.6,34.6,26.6,37.8,45.5,39.9,32.5,69.0,8.3,6.3,57.1,3.7,26.0,22.0,25.9,23.2,-1.3,15.6,42.5,-5.5,17.6,27.5,44.4,34.7,36.8,15.5,25.9,23.3,31.6,25.8,41.0,13.2,14.3,14.0,26.7,9.7,,,,,,,,,,,,,,,,,,,,,,,,,,,,,
14,2010年10月,17.2,16.9,19.2,21.7,6.9,20.8,28.0,37.7,66.0,25.7,27.7,27.3,24.5,-9.0,25.5,30.9,17.6,30.7,22.7,10.6,22.2,24.7,10.0,13.6,31.6,54.0,34.0,27.6,27.5,1.6,37.2,26.1,22.4,34.1,29.2,38.7,44.2,34.9,35.4,64.1,8.0,6.4,51.9,1.5,23.9,22.2,27.8,22.4,5.0,13.1,34.6,-5.2,18.6,26.3,40.7,34.6,32.7,15.1,24.7,21.9,30.4,24.7,36.9,13.7,13.0,13.6,24.0,9.3,,,,,,,,,,,,,,,,,,,,,,,,,,,,,
13,2010年11月,16.6,11.5,19.6,22.7,5.8,23.1,28.0,40.1,68.8,26.1,28.7,27.3,27.0,-6.0,26.6,31.2,18.7,28.6,25.3,9.8,22.4,25.4,10.5,14.0,29.9,50.1,28.2,26.4,27.2,5.3,33.8,26.1,22.3,32.4,32.1,38.5,46.6,38.0,33.4,50.9,9.0,7.9,48.5,0.7,23.1,22.3,25.3,23.3,2.2,14.5,39.9,-3.9,18.1,26.0,36.3,36.4,32.0,16.7,24.5,20.7,26.1,24.9,43.8,13.9,15.0,15.2,21.9,8.0,,,,,,,,,,,,,,,,,,,,,,,,,,,,,
12,2010年12月,18.2,17.0,18.1,23.3,3.6,26.4,21.7,40.2,61.7,27.0,28.1,28.8,25.6,-0.4,26.4,34.4,23.4,28.4,30.0,8.2,22.0,26.5,12.9,14.8,33.5,42.2,23.9,27.4,28.0,6.1,35.8,28.6,22.4,35.1,31.7,40.4,48.2,35.0,32.9,37.7,7.3,6.6,47.6,-2.9,48.6,19.5,12.5,20.9,16.1,24.4,46.3,-6.0,16.2,27.6,36.5,33.5,32.4,18.8,24.5,23.8,28.1,24.3,46.1,14.6,15.9,16.8,22.1,21.2,,,,,,,,,,,,,,,,,,,,,,,,,,,,,
9,2011年3月,10.8,-2.4,10.6,8.4,5.6,2.9,16.5,33.3,68.3,29.2,29.3,14.6,36.0,-21.2,30.9,34.9,34.9,33.9,26.6,10.4,26.2,8.8,17.4,16.4,31.5,109.0,40.2,32.4,18.3,10.6,17.2,19.9,28.5,27.5,37.2,54.1,62.0,54.1,33.3,36.9,4.0,6.4,14.7,-14.0,34.6,27.6,46.0,22.4,21.8,9.5,27.2,-15.3,24.2,30.5,31.8,31.0,15.2,20.8,15.4,13.3,-5.5,17.5,76.6,11.0,21.7,18.5,13.3,21.7,,,,,,,,,,,,,,,,,,,,,,,,,,,,,
8,2011年4月,12.6,4.0,13.8,10.4,8.3,18.9,16.3,31.7,72.8,29.0,35.7,24.7,40.3,-8.6,29.2,39.9,42.4,40.6,26.2,8.9,18.6,18.3,12.3,21.1,37.2,80.5,35.9,34.8,22.2,6.6,15.0,17.8,28.2,28.0,26.8,54.1,55.0,53.6,41.9,19.2,3.5,4.2,18.8,-8.4,28.6,25.3,26.9,24.6,23.6,8.0,28.2,-11.9,33.7,35.7,43.7,32.4,22.8,18.3,16.8,24.4,-5.5,17.3,60.7,14.8,21.1,18.4,7.9,21.9,,,,,,,,,,,,,,,,,,,,,,,,,,,,,
7,2011年5月,15.6,6.5,11.0,13.4,2.2,13.6,6.0,26.9,42.5,31.2,37.9,22.7,37.1,1.6,28.7,42.5,44.9,35.2,30.8,18.7,19.1,18.3,10.5,23.3,43.0,66.4,46.6,39.7,22.7,7.1,26.8,22.8,34.3,33.2,31.6,52.7,51.1,52.7,36.3,15.3,4.3,5.0,20.9,-7.9,36.7,20.5,18.3,20.4,25.3,5.5,22.2,-7.1,31.8,41.3,31.5,33.8,19.0,30.2,14.7,18.8,-3.9,15.6,56.2,16.4,24.7,20.3,10.2,19.5,,,,,,,,,,,,,,,,,,,,,,,,,,,,,
6,2011年6月,20.6,6.4,15.0,19.5,1.3,18.6,15.8,25.1,23.1,32.4,37.5,20.6,36.7,9.4,32.8,42.3,36.0,36.6,31.2,18.5,22.0,18.7,9.8,23.7,41.5,53.3,39.7,40.5,26.9,14.8,30.7,22.1,32.5,37.8,34.8,55.0,48.0,48.1,36.3,25.4,2.2,2.6,19.8,-9.3,36.1,16.3,6.9,18.5,27.3,3.9,3.1,-5.2,33.6,34.8,24.6,31.9,19.1,23.1,17.4,18.4,1.4,18.7,49.1,18.2,25.0,21.9,14.7,14.0,,,,,,,,,,,,,,,,,,,,,,,,,,,,,
5,2011年7月,22.8,9.5,15.8,22.0,0.8,17.5,17.1,25.6,-7.2,31.8,37.1,22.8,36.7,7.9,30.4,44.1,36.2,34.3,27.4,20.8,20.9,22.4,10.6,22.7,37.5,48.1,35.9,37.1,27.6,17.5,33.1,19.5,31.3,38.3,33.4,56.0,45.2,43.3,29.0,25.6,2.1,2.2,19.6,-7.8,40.1,11.6,-2.1,15.7,20.7,-2.3,3.5,-3.0,34.9,32.4,21.0,33.4,26.8,22.2,16.6,20.2,4.5,17.0,33.1,18.2,25.9,22.1,15.7,18.6,,,,,,,,,,,,,,,,,,,,,,,,,,,,,
4,2011年8月,23.0,11.1,15.9,22.6,0.8,19.0,16.7,24.4,-6.7,32.2,40.2,23.1,40.8,20.3,30.9,42.1,34.0,38.0,26.0,23.4,20.6,24.3,8.9,23.4,38.6,42.4,36.2,36.5,29.5,18.6,33.1,18.4,32.3,40.0,32.6,51.4,44.9,39.8,32.6,29.3,1.9,1.5,22.6,-6.3,43.2,7.4,-15.5,13.6,20.8,-0.7,11.6,-3.4,35.0,32.7,14.7,33.4,29.4,28.6,16.2,22.2,6.4,16.1,46.8,15.2,25.2,20.8,17.6,15.0,,,,,,,,,,,,,,,,,,,,,,,,,,,,,
3,2011年9月,25.5,10.8,17.3,24.6,1.5,18.7,17.9,23.8,12.3,31.5,40.5,21.2,41.9,19.6,31.8,40.5,33.2,36.7,28.7,25.4,20.2,30.2,10.0,23.0,39.9,46.3,33.4,35.2,28.2,20.0,33.2,17.3,30.5,39.5,32.1,50.0,39.4,39.5,29.0,34.6,3.7,3.4,25.2,-5.7,45.5,5.7,-19.0,11.6,17.7,4.2,8.2,-3.2,36.7,34.1,25.8,32.6,34.7,30.5,17.2,25.1,2.7,17.2,29.1,15.2,26.7,21.0,20.7,15.3,,,,,,,,,,,,,,,,,,,,,,,,,,,,,
2,2011年10月,28.2,16.4,18.4,24.9,3.2,17.4,21.1,28.1,-0.2,31.6,42.1,22.1,43.5,17.7,29.6,41.0,33.5,40.8,28.6,28.8,18.2,29.8,8.0,24.8,42.3,49.7,33.2,35.0,29.6,18.9,33.2,20.1,32.0,37.7,28.8,48.2,37.7,37.9,25.3,31.9,3.8,3.3,26.5,-4.6,39.1,4.1,-21.9,9.9,13.2,7.7,12.0,0.7,37.9,34.1,30.1,32.3,39.2,37.0,17.3,28.0,4.5,16.8,49.6,15.0,28.5,23.3,20.9,15.7,,,,,,,,,,,,,,,,,,,,,,,,,,,,,
1,2011年11月,28.8,19.6,19.4,25.6,4.2,19.5,20.8,31.0,-4.9,31.5,41.5,22.3,40.9,19.3,28.8,41.8,32.0,37.5,27.8,33.7,19.2,31.4,10.9,25.2,46.5,45.8,35.3,34.0,29.8,18.6,34.6,21.6,31.0,38.7,27.6,46.6,35.5,38.6,26.1,31.1,4.4,3.4,32.3,-3.4,38.8,3.5,-19.9,9.4,10.2,5.1,3.2,0.2,38.5,33.8,29.0,31.3,37.6,38.8,15.9,29.3,1.6,15.2,48.7,13.6,26.8,22.0,21.6,16.4,,,,,,,,,,,,,,,,,,,,,,,,,,,,,
0,2011年12月,25.0,17.9,21.4,25.9,12.5,18.4,24.2,28.7,8.5,31.8,44.1,23.1,40.7,37.1,30.9,43.0,29.6,39.8,28.8,31.1,22.4,30.5,10.1,26.4,45.5,47.9,33.9,35.6,31.8,14.6,36.4,23.1,30.6,39.2,27.2,44.6,34.2,39.2,23.6,30.2,3.8,1.8,37.0,0.2,42.9,1.8,-22.5,9.8,11.2,-0.8,0.3,0.4,40.1,34.3,42.0,29.7,40.3,39.4,14.2,16.3,3.6,14.8,52.9,13.7,28.1,23.0,21.3,18.1,,,,,,,,,,,,,,,,,,,,,,,,,,,,,
69,2012年3月,36.0,17.8,20.8,35.1,-15.5,26.6,31.1,32.1,,24.8,40.2,41.9,,,14.2,,,33.4,26.1,29.2,,,,,39.6,21.4,,,19.0,,,7.2,35.2,52.8,,,,,,,18.4,18.3,20.0,17.8,67.7,-7.2,-41.8,-3.0,,27.0,-13.5,82.8,25.9,27.8,158.0,27.0,28.3,18.8,3.8,9.6,16.2,2.4,19.6,14.2,27.4,24.9,24.0,11.4,,53.3,32.7,51.6,23.4,24.1,-0.9,24.0,22.7,12.1,20.7,20.4,33.3,15.6,8.0,21.3,38.6,0.5,11.2,12.4,37.3,35.5,,-7.8,24.3,69.0,32.0,,
68,2012年4月,40.7,35.0,24.0,30.0,0.5,21.1,47.6,28.0,,24.4,35.1,37.1,,,17.1,,,26.9,20.9,28.6,,,,,40.8,24.6,,,19.4,,,9.0,33.5,53.6,,,,,,,19.0,18.0,22.6,22.8,45.2,-8.0,-43.6,-2.7,,20.3,-19.7,62.4,29.9,32.9,134.0,23.2,29.2,26.6,8.4,10.9,11.5,7.8,34.7,18.1,26.6,21.4,27.0,9.2,,52.5,38.2,64.9,25.0,26.2,6.5,21.9,20.3,14.0,16.6,23.4,34.2,11.3,8.2,14.0,40.6,10.2,8.8,9.8,42.2,48.5,,6.8,24.0,42.7,39.9,,
67,2012年5月,37.1,33.1,23.0,25.2,1.9,28.1,52.0,33.5,,24.5,35.9,37.8,,,17.0,,,28.3,19.7,19.7,,,,,38.1,24.3,,,19.7,,,9.8,34.2,51.1,,,,,,,19.4,17.2,31.8,26.4,28.0,-6.4,-41.6,-3.3,,24.8,-17.1,55.7,28.8,25.2,146.2,23.1,27.0,20.3,9.3,9.5,10.2,9.2,28.6,17.8,22.0,16.2,28.2,7.7,,44.0,37.8,53.2,25.4,28.1,4.9,25.3,16.0,17.6,15.9,22.9,34.8,12.5,8.0,14.4,39.5,9.5,9.5,10.8,51.4,62.1,,10.2,27.1,35.7,43.3,,
66,2012年6月,28.6,24.1,20.9,23.1,3.3,22.8,40.6,30.9,,24.5,35.1,32.8,,,12.5,,,26.6,23.4,21.9,,,,,40.6,24.9,,,18.6,,,13.4,38.0,47.1,,,,,,,20.5,17.8,38.0,28.1,20.6,-2.0,-36.9,0.0,,19.9,10.8,44.2,30.7,26.2,130.0,22.1,29.8,19.7,12.8,15.0,5.0,12.9,23.3,17.4,21.6,15.5,30.4,7.2,7.2,33.2,32.5,48.7,16.0,33.1,8.8,23.1,15.7,15.4,18.4,21.7,36.4,14.2,9.4,18.3,36.0,6.0,8.3,12.6,52.5,55.0,55.0,20.2,29.4,32.1,52.0,,
65,2012年7月,28.8,23.4,18.8,18.4,5.4,24.0,36.2,28.5,,24.9,35.2,32.3,,,15.4,,,27.3,26.2,21.7,,,,,40.2,28.2,,,18.5,,,13.4,37.5,47.6,,,,,,,18.6,15.9,35.4,25.9,19.6,0.7,-31.9,2.4,,21.1,12.9,43.1,33.1,26.4,134.3,20.9,22.0,21.2,13.7,14.8,1.9,14.2,25.3,16.2,21.6,16.1,31.4,10.2,,34.4,33.6,44.8,14.8,34.8,9.6,22.8,15.7,20.1,15.8,19.0,35.8,17.1,6.9,17.3,37.2,13.0,8.7,12.4,47.3,52.6,,34.6,27.2,32.7,52.5,,
64,2012年8月,31.5,22.0,18.6,18.5,7.0,24.9,27.6,31.8,,23.9,35.0,30.5,,,13.9,,,28.2,26.6,18.7,,,,,38.6,27.7,,,17.8,,,12.6,35.5,46.9,,,,,,,19.2,16.3,35.9,27.6,15.0,1.3,-23.9,1.6,,11.5,11.3,40.9,31.8,26.0,120.5,20.9,22.7,20.5,15.0,15.8,3.9,15.4,22.5,17.5,20.8,14.8,28.1,11.2,,37.6,36.9,55.4,17.6,35.4,2.9,23.4,16.6,21.0,16.2,16.8,33.9,16.8,7.7,18.4,35.6,4.6,8.3,12.9,43.1,45.7,,17.8,26.7,27.4,45.5,,
63,2012年9月,32.2,18.9,17.4,14.4,7.4,25.1,28.5,33.0,,23.5,33.5,32.4,,,12.5,,,30.2,26.5,16.7,,,,,37.0,21.5,,,17.9,,,13.0,34.1,47.7,,,,,,,19.1,16.1,36.8,26.8,14.1,5.4,-12.4,4.0,,9.5,15.3,37.2,31.7,27.0,103.2,21.1,26.7,15.7,16.5,17.1,7.2,16.9,20.5,17.9,22.9,16.3,29.8,8.0,,37.6,36.6,52.5,22.1,36.5,-1.7,24.8,16.4,21.4,17.2,16.2,33.6,17.6,3.9,18.6,34.5,6.0,7.0,14.8,38.2,39.5,,39.9,26.9,24.6,45.8,,
62,2012年10月,32.3,18.4,14.7,11.3,5.8,23.1,23.4,31.5,,23.1,33.1,29.5,,,12.7,,,29.7,27.5,16.2,,,,,36.5,19.5,,,18.0,,,10.7,34.0,48.3,,,,,,,18.6,15.7,36.3,25.4,16.3,8.6,-1.4,6.2,,3.4,19.5,33.7,33.3,29.5,51.4,21.1,30.8,17.1,17.5,16.8,7.2,18.2,22.0,19.3,22.5,15.4,35.9,7.1,,37.1,36.3,52.5,23.8,35.1,-0.4,26.4,17.4,20.3,18.0,14.5,32.2,17.5,3.9,18.3,33.7,6.3,6.9,13.3,38.5,43.6,,35.3,29.8,18.5,55.6,,
61,2012年11月,30.5,19.7,12.2,8.7,4.5,21.4,20.6,24.9,,22.8,32.5,29.9,,,12.7,,,30.4,29.2,17.3,,,,,36.0,20.0,,,16.9,,,10.3,34.9,47.9,,,,,,,16.2,13.9,30.2,21.3,18.7,9.7,0.9,7.4,,4.5,25.1,32.2,31.3,28.4,52.9,22.2,33.9,20.0,17.2,14.7,7.3,18.2,23.8,19.9,22.1,14.7,35.2,6.5,,36.4,32.9,40.3,22.4,34.3,-2.6,25.5,18.7,23.2,18.0,10.9,31.3,17.4,2.7,17.7,32.9,7.4,6.2,13.0,34.6,51.2,,35.4,28.8,15.0,58.8,,
60,2012年12月,32.2,15.0,11.8,7.7,6.1,23.7,19.0,26.3,,22.0,32.0,28.1,,,12.0,,,31.3,30.2,15.5,,,,,34.6,18.7,,,17.9,,,9.9,33.6,45.6,,,,,,,12.8,10.4,26.7,18.4,24.6,9.1,2.4,6.6,,2.1,30.2,30.6,33.0,30.2,46.2,22.1,37.4,27.8,19.5,19.0,2.5,20.5,26.0,20.3,23.0,16.2,36.2,9.2,,40.5,32.3,41.3,26.9,36.2,-8.7,24.2,14.3,24.7,20.8,5.4,30.7,16.7,-2.0,20.6,32.8,4.9,4.8,12.9,31.1,53.1,,29.9,28.0,15.3,65.5,,
57,2013年3月,32.9,29.1,2.7,-12.6,21.0,5.4,8.1,9.9,,18.7,23.8,15.5,,,10.7,,,21.3,29.3,11.5,,,,,40.0,10.9,,,16.6,,,25.0,23.1,22.1,,,,,,,15.3,10.9,51.2,23.8,-23.9,22.0,5.8,21.7,,-3.7,76.3,-1.1,29.1,29.2,-17.8,24.1,32.8,20.4,36.5,33.5,26.5,37.5,7.8,27.6,17.3,11.4,37.3,-5.1,,27.2,31.8,61.0,39.1,41.0,40.3,26.8,21.5,23.3,23.5,13.9,17.4,23.7,7.7,31.2,15.3,16.4,5.5,19.7,4.7,46.3,-18.6,192.3,36.9,-15.8,59.2,,
56,2013年4月,31.9,34.7,5.2,-6.6,17.6,8.6,1.1,16.8,,18.4,24.5,16.2,,,9.8,,,20.9,26.6,9.4,,,,,34.0,11.0,,,16.2,,,20.3,22.0,21.2,,,,,,,13.6,9.4,41.4,23.3,-10.0,23.7,24.6,19.9,,-2.4,65.0,4.0,27.8,23.0,-5.1,24.4,32.1,13.7,30.8,21.2,29.9,32.6,13.2,23.3,21.1,16.6,34.9,-9.4,,30.6,27.4,52.3,31.3,39.7,28.8,25.3,20.2,25.1,30.6,21.5,16.9,26.9,7.2,33.8,15.5,11.7,3.3,20.2,3.3,54.6,-5.0,232.1,38.6,-10.3,57.3,,
55,2013年5月,30.7,29.4,7.1,-2.4,24.0,0.5,0.6,15.8,,17.8,24.3,14.6,,,9.7,,,23.4,27.5,12.5,,,,,36.1,12.3,,,15.4,,,20.6,20.1,20.3,,,,,,,11.3,6.8,37.1,23.1,-9.2,23.7,24.5,21.1,,-5.4,65.4,6.3,32.0,24.1,-14.1,23.6,35.3,15.8,32.5,26.3,30.3,33.6,11.0,22.9,21.9,18.6,35.2,-12.6,,31.2,27.4,50.7,29.1,39.5,16.6,18.9,24.0,20.7,33.3,24.9,17.0,23.5,4.1,31.9,13.9,11.3,4.3,20.3,0.5,45.3,-7.9,171.5,37.5,-4.7,53.9,,
54,2013年6月,33.5,34.2,8.8,-2.5,25.7,7.8,6.5,18.4,,17.1,25.9,15.7,,,10.7,,,25.2,26.6,12.6,,,,,33.7,19.4,,,13.5,,,16.5,16.9,20.0,,,,,,,14.5,9.6,42.6,25.7,-4.9,21.5,22.2,19.7,,-5.4,26.9,14.9,33.6,25.0,-6.4,22.9,36.0,16.0,31.3,31.0,31.8,31.3,13.3,23.0,23.1,19.2,32.7,-10.6,,31.7,32.1,48.2,33.5,38.6,10.9,18.6,23.8,22.7,32.3,21.3,14.3,21.0,3.3,25.0,14.4,12.6,5.9,22.4,-0.9,54.5,-10.4,130.5,37.8,1.1,47.1,,
53,2013年7月,33.5,36.6,9.8,-1.6,26.3,9.4,9.2,17.1,,17.1,27.6,16.7,,,10.0,,,22.4,26.6,14.6,,,,,33.9,17.1,,,13.1,,,17.8,18.3,17.8,,,,,,,17.6,12.4,48.2,28.7,-3.8,22.3,18.6,21.6,,-3.7,24.6,12.0,30.2,23.9,-1.7,22.5,38.2,21.8,29.1,31.1,34.9,28.5,13.5,21.8,22.8,18.5,29.4,-7.8,,29.0,32.5,50.1,36.0,36.4,11.6,20.3,24.5,19.3,31.9,20.5,15.0,17.7,4.9,25.1,15.3,6.2,5.9,21.0,3.2,51.6,-5.3,121.6,38.6,-1.8,43.8,,
52,2013年8月,32.1,41.4,10.0,-3.1,26.0,10.5,15.6,15.4,,17.9,27.2,19.0,,,11.0,,,21.0,25.9,17.0,,,,,32.5,17.8,,,13.6,,,17.7,20.8,18.7,,,,,,,17.1,12.2,45.4,27.2,-2.8,24.2,17.1,23.8,,1.7,33.1,13.3,31.4,24.6,7.1,21.3,34.5,20.2,29.8,29.5,33.4,29.7,11.3,20.8,24.6,21.4,33.6,-7.8,,27.3,32.6,38.5,32.6,36.2,20.7,21.8,23.7,19.2,27.3,21.7,16.9,18.6,2.3,22.0,16.7,15.0,7.7,21.2,4.4,50.7,-5.0,98.8,39.4,0.6,43.8,,
51,2013年9月,29.8,40.7,11.1,-0.3,26.1,11.5,13.9,16.4,,18.5,29.2,18.4,,,13.4,,,20.9,25.4,18.7,,,,,32.5,23.5,,,14.6,,,17.4,22.4,18.9,,,,,,,17.0,12.6,40.8,26.9,-5.4,23.3,10.2,23.8,,8.6,33.8,16.7,30.8,22.2,9.5,21.0,31.0,20.0,29.3,28.3,31.3,29.4,12.6,20.2,22.7,20.2,27.0,-8.5,,26.1,34.1,28.9,24.8,35.4,21.3,21.0,24.8,18.6,29.0,20.9,17.1,20.1,2.6,21.9,15.4,14.0,8.5,21.7,9.6,52.8,-3.7,84.0,38.7,1.9,32.7,,
50,2013年10月,29.3,37.8,12.3,1.3,28.0,13.2,14.5,16.0,,19.1,28.3,19.7,,,15.2,,,21.2,26.2,18.0,,,,,30.4,22.2,,,14.5,,,19.5,24.5,19.6,,,,,,,17.2,13.3,38.4,25.5,-6.9,21.2,4.2,22.0,,14.3,27.4,17.4,29.4,19.9,34.2,20.5,30.2,21.3,28.5,27.8,31.9,28.4,12.1,18.7,22.9,20.8,26.9,-8.1,,25.7,34.7,28.0,24.7,34.6,24.2,21.1,23.3,19.1,28.6,24.2,16.7,22.9,3.1,23.6,15.6,14.8,9.4,21.6,9.3,50.5,0.2,82.4,36.9,2.7,34.7,,
49,2013年11月,30.5,34.7,12.0,1.1,27.6,11.6,14.7,16.1,,18.6,27.1,20.2,,,15.6,,,19.8,24.2,18.1,,,,,27.5,21.1,,,14.4,,,19.6,23.1,19.3,,,,,,,17.7,13.6,39.0,27.3,-6.5,21.2,2.4,22.6,,14.8,27.4,17.0,30.1,18.8,44.5,20.2,31.5,21.9,28.5,26.1,32.2,28.7,16.3,18.1,22.1,20.4,24.4,-8.5,,26.4,37.2,34.5,26.1,35.4,18.8,20.4,24.6,17.8,27.2,25.2,15.8,21.3,2.2,22.8,15.0,14.0,10.2,22.0,10.4,41.8,2.4,89.7,38.3,5.4,26.3,,
48,2013年12月,32.4,33.9,10.9,-2.0,23.7,10.4,19.7,14.4,,18.5,26.5,20.7,,,18.3,,,22.3,27.2,18.8,,,,,26.5,21.8,,,14.8,,,20.9,23.5,18.5,,,,,,,18.4,14.5,37.4,28.1,1.4,17.2,6.3,18.5,,3.5,14.3,19.5,30.0,17.5,35.3,20.3,26.1,27.2,26.9,21.3,31.1,27.8,20.8,19.1,21.7,19.5,23.0,-2.3,,28.1,38.7,30.3,31.7,30.4,27.3,23.6,30.3,22.0,24.1,19.4,17.1,20.6,-2.1,20.6,15.0,16.4,10.7,20.2,7.3,33.8,9.3,76.9,32.7,8.2,20.8,,
45,2014年3月,23.9,14.5,12.1,6.2,18.7,17.1,0.3,23.9,,15.2,21.6,21.9,,,16.4,,,27.4,30.3,17.7,,,,,14.5,5.1,,,15.4,,,14.9,17.8,12.7,,,,,,,15.1,14.8,9.5,21.3,-1.8,20.4,15.9,23.0,,17.9,0.5,41.7,33.2,16.1,25.0,16.3,34.7,28.4,24.6,35.7,6.9,23.6,15.2,18.6,16.9,16.8,21.0,5.9,,30.9,25.6,21.3,16.9,27.7,-5.4,12.5,14.9,17.5,34.8,14.8,15.5,23.7,-7.5,11.3,13.1,14.1,10.3,13.3,5.6,14.7,13.5,-3.0,21.3,15.1,16.5,,
44,2014年4月,20.0,2.7,6.9,-1.4,18.3,11.7,-3.0,16.6,,15.2,20.7,21.1,,,14.4,,,27.2,29.8,21.0,,,,,15.8,8.3,,,14.6,,,18.6,18.7,12.9,,,,,,,14.1,13.5,9.3,21.4,11.0,19.8,8.6,23.9,,24.9,-2.7,37.4,30.9,12.1,21.3,15.4,38.6,28.3,25.5,35.8,9.3,24.6,9.5,17.2,19.9,20.4,24.9,9.3,,27.2,29.2,8.5,15.2,24.6,-7.3,13.8,14.3,21.5,30.7,6.1,13.2,18.8,-6.7,10.8,11.3,14.4,15.7,15.1,7.7,9.4,6.3,-27.1,18.0,9.6,17.4,,
43,2014年5月,19.3,6.7,7.4,-3.7,19.3,14.5,0.1,15.6,,14.2,19.4,22.0,,,14.6,,,19.2,27.3,16.7,,,,,14.6,7.5,,,13.6,,,20.7,17.4,12.9,,,,,,,17.0,17.9,7.8,18.9,14.9,21.9,8.3,24.3,,32.8,25.2,40.4,29.4,10.3,25.5,14.2,40.6,35.6,27.2,36.4,18.0,26.1,9.6,17.8,19.6,20.3,25.2,15.8,,24.1,29.3,5.6,13.4,22.8,-2.9,17.9,13.5,25.4,25.5,2.1,10.0,17.0,-12.8,8.7,12.9,16.0,17.1,12.8,10.8,11.6,3.7,-11.2,18.1,16.7,20.8,,
42,2014年6月,21.8,7.5,4.5,-5.6,18.5,10.8,-5.6,13.2,,14.8,20.6,22.8,,,14.9,,,20.7,28.6,13.8,,,,,16.4,14.1,,,14.7,,,22.4,19.9,14.0,,,,,,,16.2,19.0,-1.8,14.8,15.8,22.8,14.2,23.5,,36.0,25.9,41.1,27.7,8.9,14.9,14.1,44.1,40.8,26.4,34.2,20.2,25.5,6.1,20.6,21.4,21.7,23.2,16.2,,27.0,34.5,5.2,13.0,21.2,9.4,20.0,15.8,27.5,27.7,7.0,9.2,17.1,-8.4,7.4,12.1,17.3,16.0,9.4,15.9,13.1,13.8,12.5,18.9,20.1,19.1,,
41,2014年7月,22.3,7.6,3.8,-5.1,15.5,9.3,-5.3,13.0,,14.6,17.5,22.5,,,13.1,,,21.0,27.9,11.2,,,,,16.6,9.3,,,15.2,,,23.3,18.8,16.8,,,,,,,15.2,18.1,-3.2,14.1,15.3,21.4,19.6,21.0,,34.3,19.8,38.0,27.7,6.7,12.5,14.0,43.5,40.8,27.7,31.4,25.8,27.2,3.3,20.0,21.8,21.2,20.2,12.6,,28.6,35.4,3.8,11.2,19.0,5.3,17.9,16.7,25.5,32.6,11.3,10.0,17.0,-8.3,5.6,11.2,16.8,15.6,9.7,13.6,16.1,9.3,-2.7,19.8,20.9,15.5,,
40,2014年8月,23.8,8.4,3.9,-3.3,13.9,6.4,-5.8,14.7,,14.1,16.7,23.4,,,13.8,,,20.2,27.5,8.7,,,,,16.8,5.5,,,14.2,,,23.4,17.9,15.7,,,,,,,15.7,18.8,-3.2,14.5,21.6,20.4,20.6,20.2,,27.0,8.9,37.6,26.7,4.9,6.3,13.4,40.4,39.2,25.8,27.6,27.7,25.4,7.2,19.7,22.5,20.8,18.1,11.8,,30.1,35.1,6.0,13.8,17.4,3.5,17.4,19.4,27.4,34.4,11.8,9.0,15.3,-7.3,6.6,9.7,16.8,13.9,9.7,13.2,18.4,12.1,4.6,19.8,23.4,13.6,,
39,2014年9月,25.8,13.7,3.6,-3.8,13.1,6.6,-3.4,10.8,,13.8,16.6,25.0,,,12.6,,,19.1,29.1,8.8,,,,,14.4,2.5,,,13.7,,,24.0,16.7,16.2,,,,,,,17.5,19.7,4.6,16.2,27.8,19.4,25.1,18.6,,22.1,5.4,34.4,25.1,3.4,3.3,12.6,37.5,38.4,24.2,23.5,25.5,24.3,9.3,19.0,23.6,21.3,18.0,13.0,,32.9,33.2,2.9,18.2,16.3,-1.0,18.2,20.2,28.6,27.6,13.6,8.5,15.2,-5.0,6.2,10.2,15.1,13.9,8.8,7.9,20.1,15.3,-11.5,20.4,24.0,13.9,,
38,2014年10月,26.5,13.6,2.2,-7.0,12.4,3.8,-2.2,9.6,,13.5,17.7,24.8,,,12.4,,,18.0,28.3,9.2,,,,,14.7,4.8,,,14.3,,,23.0,15.5,14.5,,,,,,,17.7,19.8,4.2,17.1,28.9,19.8,25.1,18.9,,18.4,8.2,35.6,25.0,3.0,6.1,12.4,35.2,37.8,24.8,21.9,25.6,25.2,11.8,19.7,25.0,21.7,17.1,9.3,,35.7,32.2,6.2,16.7,16.8,-1.3,17.7,22.7,27.7,26.4,10.3,8.5,12.8,-6.1,6.1,10.3,15.1,13.9,9.4,5.6,18.5,10.8,-10.1,22.6,26.6,13.1,,
37,2014年11月,27.8,16.3,1.4,-8.5,10.8,2.9,-1.9,10.6,,13.5,16.9,23.4,,,12.8,,,18.9,29.0,7.6,,,,,15.5,5.0,,,14.3,,,22.5,15.9,14.1,,,,,,,17.4,19.5,4.6,16.0,28.0,18.5,24.7,16.9,,16.3,6.3,34.2,24.0,4.0,6.4,12.2,33.2,37.4,25.0,26.9,22.8,24.8,13.6,20.7,25.6,22.1,17.5,12.7,,36.7,31.8,9.3,19.2,15.7,0.7,18.4,19.1,26.0,25.0,9.6,8.9,13.4,-4.7,6.3,10.2,16.3,13.3,9.4,3.1,19.6,3.6,-13.2,24.3,22.7,13.5,,
36,2014年12月,31.3,18.5,0.7,-9.5,6.1,2.6,2.9,13.9,,13.5,18.7,22.0,,,12.4,,,18.5,27.1,6.4,,,,,15.1,3.1,,,15.6,,,21.4,16.4,14.1,,,,,,,17.1,19.4,1.9,16.8,27.2,18.6,16.6,20.3,,12.6,9.2,38.6,25.7,4.2,10.5,11.1,36.2,34.7,23.6,26.5,26.0,23.1,14.2,24.0,27.6,23.8,18.9,13.6,,40.6,35.7,17.2,21.0,16.9,-5.3,19.2,15.6,26.8,26.9,7.1,10.5,13.2,-5.9,4.1,8.3,16.1,12.9,10.7,4.9,24.9,1.5,-14.0,22.4,25.6,13.6,,
33,2015年3月,29.9,14.0,-4.1,-21.2,8.9,-12.3,-5.9,9.3,,10.4,8.5,26.2,,,10.0,,,20.9,20.8,10.0,,,,,15.5,12.7,,,14.2,,,15.6,8.6,9.4,,,,,,,21.4,20.5,19.5,27.5,23.4,23.9,14.9,23.8,,9.9,10.0,30.1,20.4,-5.0,-3.4,9.0,22.0,24.0,22.5,15.8,29.1,23.5,9.9,19.8,33.6,21.3,12.5,10.3,0.0,49.9,22.7,10.2,18.1,-0.1,-1.6,25.3,19.0,21.4,24.8,-1.0,4.4,0.9,-5.4,-1.7,7.6,8.3,13.4,18.3,4.6,21.4,9.6,-28.2,26.4,20.6,22.5,,
32,2015年4月,26.6,0.9,-7.8,-19.2,0.2,-11.9,-5.6,6.7,,9.9,9.4,22.8,,,10.2,,,20.5,24.5,6.6,,,,,11.7,8.1,,,9.9,,,13.2,7.9,8.3,,,,,,,20.3,20.7,12.6,23.2,1.8,21.3,20.9,21.6,,5.1,14.4,35.4,20.1,-4.9,0.3,7.1,25.0,23.1,19.4,15.1,25.2,19.9,13.4,20.1,26.4,16.6,8.9,11.0,,46.2,18.2,3.2,27.5,1.7,-14.4,25.6,16.3,18.4,27.1,-4.3,7.5,4.4,-9.7,4.2,8.4,3.3,11.9,19.1,7.9,21.6,5.5,-34.0,24.8,28.9,13.2,,
31,2015年5月,27.3,8.9,-9.1,-14.5,-5.6,-15.8,-7.2,3.4,,10.0,8.0,19.6,,,10.4,,,27.8,22.6,7.4,,,,,9.3,10.1,,,10.0,,,12.0,9.1,8.6,,,,,,,18.8,18.0,15.8,25.0,1.8,21.2,24.2,21.6,,0.1,6.7,30.4,20.2,-3.6,0.6,6.1,21.4,19.5,16.3,16.1,22.5,16.0,12.8,17.4,28.3,19.5,5.5,11.4,,45.2,17.8,10.2,25.1,2.6,-8.4,28.1,18.5,17.5,25.5,-6.6,7.6,6.9,-6.2,1.1,9.1,2.6,10.1,20.0,7.4,16.7,8.7,-30.2,28.2,15.8,7.2,,
30,2015年6月,27.4,20.7,-7.7,-12.8,-6.5,-12.8,-5.7,5.4,,9.7,6.9,16.3,,,10.8,,,23.1,19.1,5.7,,,,,9.4,2.5,,,9.7,,,10.2,9.0,9.6,,,,,,,17.1,15.5,16.7,27.0,5.2,20.9,18.9,22.2,,0.4,11.1,28.8,18.9,-2.6,4.8,5.7,23.2,18.0,18.7,14.5,24.3,19.1,13.2,17.1,30.2,23.0,8.2,10.9,,40.9,15.7,16.3,25.9,1.9,-17.1,27.5,15.8,14.7,26.1,-11.3,8.4,7.2,-11.4,3.8,12.5,3.7,9.9,20.8,5.4,14.8,19.7,-38.1,29.4,9.1,8.4,,
29,2015年7月,28.4,21.9,-6.5,-13.4,1.1,-16.8,-5.1,6.6,,9.2,7.0,17.0,,,13.1,,,22.9,19.2,5.9,,,,,9.2,1.5,,,8.2,,,10.6,10.2,8.1,,,,,,,17.4,15.8,16.7,27.1,4.3,19.8,10.9,19.9,,0.0,12.8,28.2,19.0,0.0,-0.6,5.3,21.4,15.9,18.2,16.6,20.4,18.3,11.8,15.8,30.1,23.2,10.9,13.1,,40.4,16.8,17.2,29.4,3.3,-13.3,26.5,13.0,15.4,24.8,-15.6,6.8,8.8,-12.3,2.0,11.3,5.9,10.0,19.0,4.9,13.7,15.7,-23.9,29.3,8.4,11.7,,
28,2015年8月,28.3,22.6,-7.6,-14.4,-1.1,-17.3,-2.3,4.0,,8.9,7.1,13.9,,,13.0,,,22.0,19.1,5.1,,,,,9.9,1.3,,,7.7,,,10.4,10.1,8.6,,,,,,,17.1,15.2,14.2,30.2,0.3,18.6,9.9,18.4,,0.3,14.6,29.2,17.7,2.0,1.5,4.7,20.5,14.3,19.8,20.4,16.9,19.8,7.3,16.6,29.5,23.0,11.3,12.0,,39.9,17.5,20.5,27.4,2.3,-16.8,26.4,9.7,15.0,25.9,-18.5,5.8,9.7,-12.5,1.5,11.4,6.2,10.5,17.6,6.2,15.4,10.6,-19.4,31.2,7.9,14.0,,
27,2015年9月,27.5,20.0,-8.0,-16.5,5.5,-20.8,-3.2,3.9,,8.3,6.8,12.7,,,13.6,,,20.7,18.8,2.6,,,,,11.1,0.4,,,6.5,,,9.8,9.9,7.6,,,,,,,15.7,14.8,5.6,28.2,4.0,16.9,1.8,18.1,,-3.5,16.1,31.3,17.2,3.1,4.3,3.8,18.5,12.3,20.3,22.5,19.2,20.0,10.6,16.1,30.2,23.2,9.5,11.6,,38.7,16.6,20.5,28.0,3.2,-12.7,25.4,9.7,13.2,28.2,-21.5,5.0,9.9,-13.6,0.4,11.3,5.2,9.3,17.0,6.1,13.5,4.4,-18.0,29.8,14.6,14.0,,
26,2015年10月,28.7,21.0,-8.5,-16.5,1.7,-20.2,-3.8,4.7,,8.3,6.7,13.5,,,12.9,,,19.8,17.9,1.1,,,,,11.8,-0.8,,,6.9,,,9.9,9.9,7.8,,,,,,,15.5,14.3,6.1,29.4,4.4,15.8,1.4,17.7,,-5.1,18.0,32.6,17.6,4.1,1.7,3.4,18.3,12.2,19.8,23.0,17.5,19.4,13.0,15.9,29.5,22.6,9.4,15.2,,38.6,18.6,19.3,31.2,3.7,-9.3,24.2,6.0,13.7,27.8,-22.9,4.8,10.1,-12.4,-0.9,13.4,4.8,9.2,15.8,8.5,15.1,3.8,-15.0,28.1,15.2,13.3,,
25,2015年11月,28.7,19.6,-8.7,-16.1,0.8,-19.9,-3.9,2.3,,8.4,8.4,14.8,,,13.4,,,18.1,18.2,0.9,,,,,12.3,-1.0,,,6.8,,,10.2,10.0,8.1,,,,,,,16.0,14.9,4.4,31.4,4.8,15.7,0.8,17.5,,-4.3,21.5,32.1,18.9,4.7,2.4,2.8,19.9,13.2,21.1,23.3,25.9,20.5,15.2,15.7,30.4,23.5,9.7,11.9,,40.2,19.0,17.5,28.8,4.0,-8.9,23.3,8.9,15.3,28.9,-22.5,4.1,10.6,-12.5,-2.6,13.7,4.4,9.6,14.7,9.8,13.8,3.8,-9.0,26.8,16.3,14.1,,
24,2015年12月,30.8,23.5,-8.8,-14.4,-5.7,-17.8,-2.3,2.1,,8.1,7.7,14.4,,,12.8,,,19.3,17.7,0.4,,,,,11.9,1.2,,,6.1,,,10.0,10.1,8.5,,,,,,,16.6,15.7,4.0,30.7,10.2,14.3,0.6,16.7,,-3.4,28.6,34.5,20.1,5.1,0.3,2.5,18.6,12.6,20.4,21.0,24.4,20.2,15.5,15.2,29.7,23.2,8.9,9.1,,45.7,19.7,16.2,26.3,4.4,-6.5,22.0,10.0,15.1,29.7,-20.9,3.3,10.1,-11.0,-4.0,14.2,2.2,8.7,13.3,10.7,10.3,3.2,-5.2,28.3,18.4,13.8,,
21,2016年3月,24.7,27.9,-18.1,-24.5,-40.3,-18.1,8.9,6.1,,6.4,11.9,16.2,,,11.4,,,4.0,8.6,-11.7,,,,,12.1,2.5,,,0.8,,,3.1,7.4,5.4,,,,,,,19.4,20.9,-17.7,35.6,6.0,7.9,2.1,10.1,,-1.7,35.0,24.3,-1.5,-8.2,8.9,8.2,32.3,10.4,30.5,26.8,32.2,31.0,13.0,25.9,24.5,26.8,11.1,21.3,,35.4,6.1,27.3,21.1,8.3,-10.0,8.5,7.2,13.0,16.5,-6.8,-2.3,14.1,-3.1,-2.6,22.3,-12.1,14.7,13.4,8.3,-0.8,-20.4,13.9,16.6,25.0,-0.2,,
20,2016年4月,19.6,18.4,-15.3,-26.8,-27.5,-20.2,11.9,4.9,,6.0,10.7,18.3,,,16.0,,,-0.2,4.3,-5.6,,,,,15.0,3.2,,,1.8,,,4.1,6.0,4.7,,,,,,,23.7,26.1,-8.8,30.9,5.0,9.3,3.9,10.4,,-2.8,38.1,20.9,-0.9,-9.3,-10.8,8.4,28.4,12.6,27.8,23.7,31.0,28.3,5.9,23.5,29.7,30.7,11.9,18.9,,30.6,6.3,26.3,10.8,4.3,-8.2,7.9,5.0,7.9,17.6,-7.0,-6.4,11.1,4.2,-1.0,17.2,-8.6,14.9,11.2,6.4,8.7,-18.8,8.1,16.0,21.2,5.4,,
19,2016年5月,19.3,7.1,-16.4,-32.9,-16.9,-24.5,9.7,1.2,,4.6,9.3,17.0,,,13.2,,,-4.6,4.4,-2.9,,,,,15.3,-2.4,,,-0.5,,,4.4,4.0,1.8,,,,,,,21.6,24.4,-13.7,29.5,1.2,9.4,12.2,10.5,,-4.1,21.6,21.6,-3.3,-10.3,-12.3,7.7,27.1,7.7,28.6,23.5,28.1,29.4,3.7,23.2,25.8,23.5,11.6,15.4,,30.0,11.1,20.7,13.4,0.9,-24.0,3.6,4.9,4.2,20.4,-4.6,-4.2,8.4,4.3,0.2,12.9,-9.9,12.6,8.7,2.8,10.2,-26.9,7.9,11.9,28.6,10.6,,
18,2016年6月,19.5,4.3,-19.7,-34.1,-18.0,-31.2,6.3,-4.0,,3.3,8.8,15.9,,,12.9,,,-4.3,6.3,5.4,,,,,11.7,-0.7,,,-2.0,,,6.6,0.7,-1.5,,,,,,,22.5,25.4,-13.5,30.4,1.1,12.0,9.0,13.5,,-4.2,30.1,22.5,-4.3,-9.8,-4.4,7.2,23.1,9.7,26.7,27.1,27.2,26.6,3.4,23.8,24.2,20.1,13.3,13.0,,31.5,13.2,15.7,12.4,1.1,-17.7,2.2,6.1,1.4,17.1,-0.4,-4.5,7.0,1.9,-5.7,6.9,-11.0,12.3,7.7,2.4,4.6,-34.9,0.3,8.8,38.2,10.0,,
17,2016年7月,19.1,4.8,-22.9,-34.7,-28.1,-30.5,1.8,-4.9,,3.0,9.0,14.2,,,11.7,,,-2.8,4.8,5.3,,,,,11.3,0.0,,,-1.5,,,5.1,-1.4,-2.7,,,,,,,19.9,22.8,-14.7,26.4,0.6,11.1,9.5,13.7,,-7.5,43.5,24.5,-4.8,-10.5,-3.7,6.2,25.0,10.9,24.9,23.9,32.4,24.8,5.5,23.2,23.6,19.5,10.9,7.5,,32.0,10.9,14.1,12.5,0.3,-20.6,3.7,6.9,1.0,14.3,0.2,-5.5,6.0,1.2,-5.1,7.7,-12.8,11.4,9.8,5.2,2.4,-31.2,-18.5,7.6,39.9,7.3,,
16,2016年8月,20.4,6.8,-23.5,-33.0,-30.2,-30.1,-3.7,-5.9,,2.8,7.9,14.2,,,9.5,,,-0.7,4.9,6.6,,,,,9.0,1.2,,,-1.7,,,5.3,-1.7,-3.5,,,,,,,17.2,20.2,-15.3,21.9,-1.4,11.9,8.5,14.4,,-8.5,46.1,24.0,-3.3,-9.4,-5.4,6.0,24.6,15.9,24.5,21.2,41.6,24.3,4.5,22.8,24.5,20.4,11.8,9.6,,32.8,11.6,15.1,15.4,-0.5,-19.6,4.2,9.0,-0.6,12.9,3.0,-5.3,5.9,0.7,-7.0,7.8,-13.2,11.5,11.8,2.2,1.3,-30.0,-21.1,7.3,33.6,7.6,,
15,2016年9月,20.1,8.8,-20.9,-26.0,-32.0,-28.9,-6.8,-0.6,,3.1,9.3,14.3,,,9.5,,,1.9,5.5,7.8,,,,,8.3,2.9,,,-0.5,,,5.9,-2.1,-4.5,,,,,,,16.1,17.9,-12.9,24.7,0.0,11.9,9.4,15.0,,-9.3,39.6,21.6,-3.1,-9.8,-8.3,6.3,25.3,18.8,24.0,20.5,43.4,23.6,8.7,21.1,22.5,18.7,13.6,7.7,,32.2,11.7,17.1,12.9,0.6,-16.2,4.8,7.2,0.9,13.9,4.1,-4.2,6.8,-0.4,-7.0,5.8,-11.6,12.1,11.5,2.6,3.3,-23.9,-12.3,5.7,26.6,7.7,,
14,2016年10月,20.0,10.6,-20.9,-23.6,-34.7,-28.7,-8.7,-1.3,,3.1,9.5,13.7,,,8.5,,,3.9,6.7,7.7,,,,,8.9,3.8,,,-0.6,,,5.8,-2.7,-4.0,,,,,,,13.9,15.4,-13.1,22.7,-5.0,12.1,9.3,15.6,,-8.9,33.3,18.8,-2.2,-8.8,-4.5,6.6,29.1,20.0,24.1,20.9,45.3,23.6,6.5,21.9,21.2,17.5,14.8,7.6,,32.4,11.1,19.4,11.2,0.6,-22.8,4.1,7.4,0.2,13.5,6.0,-3.3,6.4,-0.2,-7.1,2.8,-11.3,11.6,12.7,5.9,5.0,-20.0,-12.7,6.5,20.1,10.2,,
13,2016年11月,20.1,11.5,-20.2,-23.2,-33.9,-29.1,-9.0,1.8,,3.6,9.5,13.8,,,9.3,,,6.2,6.9,7.9,,,,,8.5,3.0,,,-0.4,,,6.6,-2.8,-3.4,,,,,,,13.2,14.2,-10.8,22.5,-5.9,11.7,5.0,16.9,,-9.2,30.7,17.1,-2.7,-8.7,-4.8,6.5,28.6,18.1,23.9,20.2,42.2,23.5,5.1,22.1,21.3,17.3,16.5,6.1,,31.8,10.7,21.3,12.1,0.9,-23.0,4.1,6.8,0.1,13.1,6.2,-2.4,7.0,-1.1,-5.6,3.5,-11.6,12.8,14.7,6.6,6.0,-19.8,-16.8,6.2,16.6,11.4,,
12,2016年12月,19.5,10.6,-20.4,-24.2,-31.9,-28.4,-10.0,1.6,,4.2,9.5,14.5,,,10.7,,,4.6,6.4,9.9,,,,,8.4,0.3,,,0.7,,,6.5,-2.3,-2.6,,,,,,,11.3,11.7,-8.4,20.5,-6.5,9.5,-0.2,15.1,,-8.0,20.6,14.5,-4.0,-8.6,-4.2,6.8,30.5,17.2,23.3,20.4,39.9,22.9,1.8,20.7,21.4,16.8,16.4,4.3,,30.4,10.1,21.8,12.4,0.4,-21.2,5.6,6.6,0.2,13.5,6.2,-1.6,7.4,-2.2,-5.8,4.5,-9.2,13.0,15.8,6.1,4.8,-11.0,-12.2,5.5,8.3,10.7,,
9,2017年3月,17.0,-0.1,-7.1,-15.8,26.5,-23.1,-12.3,-11.7,,5.8,8.8,0.7,,,5.4,,,11.3,15.0,6.9,,,,,8.1,21.5,,,0.1,,,7.1,2.0,5.8,,,,,,,2.6,-1.7,15.7,18.5,-27.9,17.8,10.8,24.7,,-4.1,-11.6,14.3,1.3,-1.9,-12.2,6.8,20.1,16.4,26.9,18.3,48.1,27.4,7.9,12.2,19.3,11.2,9.4,-4.4,,24.6,17.7,25.1,3.6,-7.5,-12.9,12.4,3.7,-5.6,15.6,2.8,-1.1,-1.3,-10.1,-3.5,8.1,3.1,8.3,26.8,19.5,29.0,-6.8,77.2,2.1,-9.8,11.8,,
8,2017年4月,16.8,7.8,-9.5,-10.0,4.2,-25.5,-16.3,-7.4,,4.9,8.2,1.1,,,5.1,,,12.0,17.6,2.3,,,,,4.4,16.5,,,-1.1,,,7.6,-1.1,2.2,,,,,,,1.2,-2.7,9.9,17.2,-14.7,16.7,3.5,24.6,,-11.4,2.0,11.6,-2.6,-0.5,-4.4,6.4,12.7,16.9,27.5,16.1,50.4,28.4,6.2,16.5,19.1,11.3,13.1,3.7,,23.2,15.5,21.9,5.6,-4.8,-10.6,10.9,5.2,-3.5,9.9,5.6,2.2,-1.8,-12.4,-8.8,8.8,2.6,5.6,27.7,18.2,17.6,-1.4,118.8,3.4,-5.9,12.0,,
7,2017年5月,14.1,11.8,-11.4,-8.5,-6.1,-24.5,-17.1,-7.3,,5.1,7.3,3.5,,,7.1,,,9.5,19.7,0.0,,,,,2.7,17.3,,,0.0,,,5.6,0.1,3.3,,,,,,,2.4,-0.6,7.1,15.6,-20.3,15.1,3.4,23.1,,-13.1,0.2,15.0,-2.4,3.2,-7.5,6.1,14.0,21.3,24.5,14.7,44.6,25.2,11.2,18.7,19.6,13.4,16.6,-0.2,,21.4,9.7,18.6,1.5,-4.5,-7.7,10.2,1.5,-3.2,7.8,5.4,-0.8,-0.2,-11.0,-7.2,9.9,5.5,8.0,29.0,17.8,14.6,18.7,91.0,3.8,-6.6,12.4,,
6,2017年6月,13.9,11.9,-6.4,0.2,6.4,-23.7,-19.8,-7.8,,5.5,6.3,3.7,,,7.2,,,8.8,18.1,-2.0,,,,,2.7,20.3,,,1.3,,,5.7,0.0,4.7,,,,,,,2.5,0.0,5.8,13.7,-22.2,14.7,1.9,23.2,,-12.0,-3.7,13.5,-3.6,4.6,-11.4,5.5,14.2,19.4,25.2,17.5,46.0,25.4,10.1,17.8,18.8,13.5,15.4,-1.2,,20.9,9.0,22.6,1.4,-3.2,-1.7,9.8,2.1,-0.5,7.0,6.7,-0.3,1.5,-11.9,-4.7,12.1,9.2,8.9,27.4,17.0,17.0,0.2,96.6,4.8,-4.3,15.5,,
5,2017年7月,11.6,9.3,-6.1,1.6,6.8,-20.5,-21.0,-9.4,,4.8,4.2,2.6,,,6.4,,,6.4,17.1,-2.7,,,,,0.5,21.2,,,1.0,,,4.8,1.0,4.0,,,,,,,1.6,-1.3,5.4,14.7,-21.9,15.3,3.3,24.0,,-14.6,-7.8,12.9,-4.2,5.1,-8.6,5.1,10.9,16.9,24.7,16.9,45.9,24.9,7.8,20.0,17.6,12.5,16.0,9.6,,18.2,7.5,22.9,-1.2,-3.9,-4.5,7.6,1.9,-0.3,7.8,5.3,-1.6,0.8,-11.8,-5.2,8.8,9.1,9.3,27.2,14.4,17.0,-3.3,84.0,5.2,-7.6,14.8,,
4,2017年8月,9.6,7.1,-7.0,0.1,6.9,-22.3,-20.4,-10.9,,4.5,4.3,2.4,,,6.8,,,3.7,17.7,-0.9,,,,,-0.2,19.8,,,1.5,,,3.3,0.4,4.0,,,,,,,2.6,-0.3,8.3,14.6,-25.1,14.3,4.2,24.1,,-15.1,-8.9,11.3,-5.3,3.0,-5.7,5.1,12.0,11.8,23.6,17.6,28.2,24.3,3.5,20.0,17.3,12.8,16.8,3.0,,16.1,5.9,17.3,-2.3,-3.8,-0.7,4.6,-0.4,-0.2,7.7,2.8,-2.1,0.3,-10.8,-4.9,9.0,7.1,8.6,25.4,18.2,19.7,-2.7,70.9,4.2,-8.1,15.0,,
3,2017年9月,9.1,5.5,-9.2,-8.5,12.4,-23.5,-20.8,-13.7,,4.2,2.9,1.3,,,6.6,,,3.0,18.8,-0.7,,,,,-2.3,18.0,,,1.1,,,3.7,0.2,3.9,,,,,,,1.7,-0.9,5.6,12.8,-28.0,15.2,0.5,24.9,,-12.8,-3.4,10.6,-6.1,4.4,-5.4,4.9,11.2,10.0,22.8,16.5,25.0,23.7,3.6,20.9,18.2,13.6,14.8,4.0,,16.2,5.0,17.6,-3.3,-4.0,-4.7,3.5,-0.4,-0.2,7.7,3.1,-2.7,-0.3,-11.2,-4.2,10.2,6.9,8.0,25.3,19.4,20.3,-5.3,53.5,4.6,-6.9,13.2,,
2,2017年10月,10.2,5.4,-9.1,-8.5,14.7,-22.4,-21.3,-14.1,,4.1,2.9,1.2,,,7.2,,,2.0,19.9,0.3,,,,,-3.8,15.6,,,1.1,,,3.3,0.8,3.2,,,,,,,2.3,-0.4,7.6,12.9,-25.0,15.0,0.4,24.7,,-13.6,2.7,13.4,-7.6,4.5,-8.8,4.7,8.5,8.7,22.5,16.2,24.1,23.4,2.1,20.0,18.5,14.6,13.5,1.8,,17.6,7.0,15.8,-3.0,-4.8,-2.2,4.8,1.0,-1.1,8.0,3.4,-3.8,0.6,-10.2,-4.6,11.2,4.0,7.7,24.8,15.2,22.8,-6.6,41.9,3.3,-5.7,11.2,,
1,2017年11月,8.8,3.2,-10.2,-11.3,15.8,-23.0,-22.4,-15.8,,4.1,2.6,0.7,,,6.4,,,3.0,22.7,1.4,,,,,-4.3,17.6,,,1.6,,,3.6,2.5,3.2,,,,,,,1.1,-1.7,6.1,12.2,-22.7,15.6,0.5,24.6,,-10.3,4.7,15.2,-7.3,4.1,-10.8,4.2,11.6,8.7,22.5,17.0,23.6,23.3,0.8,19.8,17.8,14.3,13.1,4.1,,16.6,4.7,13.4,-3.7,-5.4,-8.4,5.8,3.3,-1.5,9.8,0.7,-4.6,0.7,-9.0,-4.8,10.4,5.8,6.5,23.3,15.5,21.5,-1.5,37.3,1.5,-4.3,11.9,,
0,2017年12月,9.1,2.8,-10.0,-12.3,13.9,-22.8,-21.3,-16.3,,4.8,3.6,1.7,,,5.9,,,5.7,23.1,1.2,,,,,-3.0,20.0,,,1.6,,,4.7,3.9,4.7,,,,,,,0.8,-1.9,5.0,11.6,-19.0,14.8,-0.1,23.1,,-11.9,8.5,12.8,-6.3,3.9,-13.3,3.6,14.4,9.4,21.2,16.4,23.9,21.8,2.4,20.2,18.1,15.2,12.9,-2.0,,16.4,6.4,12.7,-4.0,-5.9,-11.5,7.0,4.2,-0.7,8.4,-0.1,-4.0,1.2,-7.1,-3.0,10.2,2.9,6.0,25.3,14.3,24.1,-3.2,32.5,-0.4,-5.2,12.6,,
50,2018年3月,23.0,18.2,2.5,3.7,9.2,0.8,-9.9,-11.1,,3.8,2.1,1.1,,,2.5,,,11.0,20.0,16.8,,,,,-12.5,12.3,,,10.3,,,13.2,-3.5,-0.6,,,,,,,-8.9,-14.5,-0.2,14.8,-1.2,9.7,-5.1,18.9,,-21.8,47.2,4.8,-11.1,12.3,-5.6,7.7,21.9,11.5,13.8,10.1,34.2,13.4,2.1,26.9,19.1,22.8,25.3,16.1,,25.4,28.8,5.5,,-4.8,2.4,-16.2,-6.4,4.1,-0.1,,-0.2,5.3,3.4,-5.3,3.6,7.0,6.1,15.4,4.6,34.5,-36.4,-30.8,-6.7,-6.0,17.0,15.5,-8.8
49,2018年4月,15.8,4.0,-2.0,-5.4,6.9,1.0,-17.5,-9.6,,4.8,-2.7,-0.8,,,2.1,,,12.6,17.4,11.8,,,,,-10.3,25.0,,,10.8,,,11.8,2.0,6.5,,,,,,,-8.4,-14.7,10.0,16.0,-12.6,10.9,-8.9,18.2,,-5.8,24.7,7.1,-11.4,8.2,-5.3,7.7,17.2,11.8,11.2,5.8,40.5,10.8,3.3,19.4,15.0,17.6,23.2,8.5,,18.9,20.0,9.0,,-7.8,4.9,-11.5,-3.8,-3.6,-6.8,,-0.3,8.2,4.3,-4.6,6.5,3.5,7.8,14.2,3.5,43.8,-33.9,-28.5,-8.0,8.9,12.1,9.8,-7.7
48,2018年5月,14.7,4.1,-1.8,-1.9,5.1,-4.1,-17.2,-3.4,,5.2,-2.3,-3.9,,,0.3,,,14.6,19.6,10.4,,,,,-6.4,24.1,,,11.3,,,9.9,2.1,10.3,,,,,,,-10.8,-17.7,12.5,15.8,-7.4,7.5,-11.4,14.8,,-10.0,31.1,5.5,-12.5,0.4,-9.5,7.7,19.4,8.4,9.2,3.9,36.7,8.6,-1.0,21.7,13.1,25.8,15.5,1.2,,16.1,18.7,14.7,,-6.3,12.6,-11.0,1.3,-3.5,-7.8,,-0.5,5.5,5.3,-6.8,7.4,-2.3,7.8,14.6,3.6,48.2,-24.4,-28.0,-9.6,1.7,7.5,11.2,-5.4
47,2018年6月,12.2,3.3,0.2,1.4,2.8,1.8,-20.7,8.4,,6.8,-2.8,-0.3,,,0.8,,,18.8,24.4,8.7,,,,,-5.3,28.2,,,15.9,,,15.8,5.7,10.3,,,,,,,-10.3,-17.3,10.2,17.6,-4.6,6.3,-10.3,10.9,,-10.9,20.9,8.5,-11.8,1.7,-12.4,7.4,18.2,10.6,6.3,0.4,35.4,5.8,-4.0,11.2,11.1,13.8,17.5,-2.0,,15.4,13.5,18.4,,-7.9,-4.9,-5.7,3.5,1.3,-4.1,,-2.7,3.5,8.6,-4.8,8.5,-1.9,8.5,19.7,8.0,51.0,-9.2,-34.1,-8.5,-1.5,-1.0,3.5,-7.9
46,2018年7月,11.9,4.4,3.7,-0.7,10.7,3.7,-21.0,16.4,,7.3,-2.6,1.2,,,3.3,,,21.1,31.1,7.6,,,,,-1.5,25.7,,,17.5,,,14.9,8.1,12.2,,,,,,,-11.6,-18.2,10.3,13.8,-8.2,4.6,-8.7,10.5,,-7.7,13.0,8.1,-12.8,0.7,-14.8,7.7,12.7,10.1,4.8,-0.7,34.1,4.3,-7.5,9.0,10.8,11.8,17.6,-7.8,,15.5,13.6,17.7,,-7.8,-5.9,-8.4,0.7,4.6,-1.3,,-0.8,6.3,10.0,-2.5,6.7,-6.2,7.6,17.0,4.9,50.4,-21.7,-29.7,-9.0,-4.1,-4.5,0.9,-5.0
45,2018年8月,12.1,8.2,5.9,-0.4,10.8,7.5,-15.6,22.0,,7.5,-2.3,0.2,,,5.0,,,17.9,30.6,6.3,,,,,-0.1,29.0,,,18.6,,,14.0,7.7,12.1,,,,,,,-11.4,-18.1,9.7,14.4,-0.9,3.1,-10.6,9.3,,-3.8,12.4,7.9,-14.8,0.6,-20.2,7.9,13.3,7.0,3.4,-3.6,34.9,3.0,-7.9,8.3,10.0,11.1,18.7,-7.3,,14.8,13.7,24.3,,-6.8,-10.5,-3.8,0.3,3.0,2.3,,-0.1,5.6,16.3,1.2,2.8,-4.7,7.9,16.6,4.9,42.8,-25.7,-26.7,-9.7,-4.6,-3.8,-0.1,-1.7
44,2018年9月,9.8,7.4,6.2,2.1,10.8,8.1,-15.6,18.4,,8.7,-0.5,1.9,,,5.9,,,19.5,27.1,5.8,,,,,1.5,31.9,,,20.7,,,15.5,7.9,13.9,,,,,,,-10.7,-17.2,10.3,14.1,-8.4,3.2,-10.5,8.9,,-4.9,8.2,6.4,-16.7,-0.7,-17.8,8.1,11.9,10.0,2.2,-4.7,33.7,1.7,-9.4,8.3,8.3,10.0,19.3,-10.2,,12.4,11.7,14.1,,-6.6,-8.9,-1.6,2.6,6.8,3.1,,1.7,5.3,16.1,6.6,1.7,-5.7,9.6,18.3,1.0,40.4,-22.9,-17.8,-7.8,-8.1,-5.2,-1.3,2.3
43,2018年10月,12.1,9.6,9.4,5.2,12.7,7.0,-11.2,27.1,,9.1,-1.7,3.3,,,4.5,,,19.7,23.5,5.9,,,,,1.9,37.4,,,19.4,,,16.4,8.2,15.8,,,,,,,-9.6,-16.1,12.4,14.7,-5.9,4.6,-7.0,10.1,,-13.8,4.7,5.4,-19.3,-1.3,-18.0,8.1,11.7,10.6,2.1,-4.1,36.7,1.3,-13.0,8.2,9.2,11.9,19.2,-8.8,,14.3,12.2,18.5,,-7.9,-2.1,-0.3,2.6,7.4,4.6,,2.8,5.3,16.2,1.8,3.2,-5.9,11.6,19.5,2.9,39.1,-25.0,-9.9,-4.7,-10.8,-3.3,4.2,4.6
42,2018年11月,11.4,9.2,8.6,6.8,5.9,12.5,-5.9,31.4,,9.5,-0.9,4.4,,,4.9,,,18.6,22.7,6.2,,,,,1.8,34.9,,,20.3,,,15.4,9.5,16.8,,,,,,,-8.8,-14.9,7.6,14.5,-8.3,4.5,-4.5,8.5,,-2.5,2.9,4.1,-21.9,-2.2,-14.4,8.2,15.0,12.8,2.4,-4.4,42.0,1.4,-12.8,7.7,8.9,10.2,22.2,-10.2,,12.5,11.6,19.7,,-7.5,3.9,-1.9,0.9,6.4,3.0,,5.8,6.1,13.0,2.0,3.3,-5.2,13.1,19.1,5.0,38.6,-38.4,-1.6,-2.7,-11.2,-6.4,6.6,5.9
41,2018年12月,12.3,2.0,4.1,5.9,-0.7,5.1,-8.0,26.7,,9.5,0.0,3.8,,,5.1,,,17.3,23.2,5.1,,,,,4.0,29.0,,,19.7,,,15.4,8.6,15.4,,,,,,,-6.7,-12.3,6.4,15.3,-13.9,3.9,-5.1,8.2,,-9.6,4.8,4.0,-21.5,-3.4,-13.1,8.3,14.2,13.6,3.3,-4.9,43.0,2.5,-14.4,7.2,8.4,10.0,21.2,-18.0,,15.4,11.7,19.4,,-6.8,1.3,-1.5,3.1,7.2,8.1,,6.0,5.4,13.8,3.2,3.5,-4.1,13.4,16.6,7.5,33.6,-26.9,-4.4,-1.3,-10.8,-6.2,8.4,10.1
38,2019年3月,2.8,-8.6,14.8,17.3,16.5,-2.2,-5.9,30.3,,4.6,-6.7,4.4,,,9.0,,,5.0,11.5,-9.9,,,,,9.7,-14.1,,,12.3,,,2.7,6.8,9.3,,,,,,,0.7,-7.6,26.1,21.8,-8.3,6.5,11.0,10.5,,-16.5,-12.3,25.3,-19.2,-8.6,2.3,11.4,7.3,7.7,1.0,-5.5,43.0,-0.6,-11.1,14.7,3.4,4.1,22.7,-21.5,,1.7,4.0,36.1,,3.2,-10.2,11.4,-9.5,-2.0,-3.2,,11.3,7.7,30.6,-17.1,-1.0,-8.7,-3.1,5.5,16.6,15.2,47.4,22.9,-5.9,42.4,-10.9,1.1,21.0
37,2019年4月,0.1,-7.4,25.7,13.2,47.6,-3.6,-5.4,26.3,,2.5,-6.3,0.2,,,0.8,,,4.8,8.8,-8.9,,,,,10.4,-19.9,,,9.3,,,-6.1,1.8,8.2,,,,,,,0.5,-7.5,24.8,21.1,-9.2,6.5,12.3,7.0,,-6.9,-8.1,18.7,-23.5,-9.0,11.2,11.5,9.0,8.2,1.1,-4.9,37.6,-0.4,-9.7,15.9,5.0,5.5,22.7,7.2,,0.3,-3.9,27.9,,5.4,-6.2,3.2,-8.1,-1.8,1.9,,5.5,3.4,43.3,-11.7,-1.4,-8.2,-6.5,6.7,12.9,15.8,38.3,7.4,-7.4,26.0,-9.0,1.9,17.4
36,2019年5月,-2.7,-3.3,26.1,12.1,49.6,-1.2,-7.9,28.2,,2.7,-7.4,-1.0,,,1.6,,,5.7,8.4,-6.8,,,,,8.1,-13.6,,,10.7,,,-4.8,1.4,6.2,,,,,,,0.8,-6.7,22.3,19.8,-9.8,5.0,15.1,6.2,,-12.2,-10.2,10.6,-23.3,-8.3,15.8,10.9,12.7,10.8,1.4,-1.8,41.5,-0.8,-10.7,15.4,5.2,5.8,20.0,-11.0,,-2.5,-5.8,20.2,,3.4,-2.1,3.9,-6.7,3.7,4.2,,7.4,3.8,43.3,-9.7,-0.1,-8.6,-5.9,6.2,12.4,19.4,44.8,5.7,-4.2,17.4,-9.0,-5.3,14.5
35,2019年6月,-0.8,-0.5,22.3,24.0,34.1,-5.4,-2.4,22.7,,3.0,-7.4,0.4,,,-0.3,,,0.3,2.6,-7.7,,,,,8.4,-10.6,,,9.3,,,-5.2,2.8,7.2,,,,,,,-0.5,-7.2,20.6,16.5,-18.1,5.1,14.1,8.1,,-16.4,-9.8,5.7,-22.1,-7.9,12.1,11.0,9.5,9.3,2.5,1.1,48.0,-0.3,-9.8,18.9,2.7,3.2,22.1,-10.1,,-0.8,-4.7,21.1,,4.3,5.0,0.8,-6.8,2.5,1.0,,9.3,5.6,42.3,-3.4,0.2,-10.5,-8.1,8.5,14.2,19.5,38.2,23.2,-4.7,11.5,-4.7,-1.8,6.9
34,2019年7月,-0.9,0.9,27.4,26.8,44.7,-6.3,1.0,21.2,,3.3,-7.6,-1.4,,,-2.6,,,2.0,5.8,-8.2,,,,,6.9,-10.2,,,9.0,,,-5.2,2.1,7.2,,,,,,,0.0,-6.3,13.7,17.8,-15.6,4.6,12.7,6.9,,-11.4,-12.2,5.2,-20.8,-8.3,10.9,10.2,16.4,6.9,2.6,-0.3,41.0,0.1,-9.2,18.5,4.2,4.4,15.8,-9.7,,-1.0,-5.9,14.6,,4.2,7.9,-0.3,-6.2,1.3,-1.2,,9.4,4.9,37.8,-3.8,1.8,-10.4,-7.5,10.5,18.2,17.2,54.5,25.5,-3.8,7.5,-4.4,0.8,11.6
33,2019年8月,-3.0,-4.5,26.2,26.1,42.3,-5.7,1.9,19.6,,2.6,-9.4,-2.2,,,-5.0,,,2.0,4.1,-8.7,,,,,7.4,-11.8,,,7.8,,,-3.5,1.2,6.6,,,,,,,0.4,-5.6,13.6,17.1,-20.0,5.5,11.0,7.7,,-13.1,-12.2,4.2,-20.4,-6.7,12.0,10.2,13.2,17.3,2.4,0.7,42.2,-0.3,-6.7,19.0,3.6,4.3,15.1,1.2,,-2.6,-8.0,12.2,,4.7,13.3,-1.2,-5.9,2.0,-3.0,,7.9,2.3,27.6,-4.3,1.5,-10.7,-8.0,11.1,22.3,19.1,52.1,32.8,-6.0,5.3,-4.0,-0.1,12.6
32,2019年9月,-2.1,-4.4,26.2,26.1,38.8,-2.5,5.9,20.9,,2.5,-10.8,-3.0,,,-8.2,,,-2.3,3.1,-9.1,,,,,7.0,-15.4,,,7.1,,,-4.5,1.6,8.7,,,,,,,0.4,-5.1,12.7,16.2,-31.0,4.7,9.8,7.9,,-10.6,-12.3,3.6,-17.4,-5.1,13.1,10.1,12.9,15.8,3.5,1.9,40.0,0.9,-7.0,18.5,2.3,3.4,15.5,-10.3,,0.3,-8.8,10.3,,4.7,8.5,-2.0,-3.1,4.5,-4.2,,7.6,1.4,28.9,-2.6,1.8,-8.3,-7.6,11.6,23.8,20.3,40.4,18.0,-8.7,6.6,-2.0,-1.7,15.0
31,2019年10月,-2.2,-4.7,25.1,26.9,33.1,0.2,6.4,25.3,,2.6,-10.1,-3.8,,,-8.5,,,-5.0,2.6,-10.1,,,,,7.9,-18.6,,,7.0,,,-3.3,0.9,9.8,,,,,,,1.9,-3.3,12.9,16.6,-30.0,4.6,5.9,8.1,,-0.9,-14.6,4.8,-16.7,-5.0,13.5,9.6,13.0,14.8,2.7,0.6,37.4,0.2,-7.0,18.0,3.5,4.3,13.8,-11.6,,-0.6,-7.9,10.7,,5.4,0.1,-0.5,-1.9,3.7,-3.8,,6.6,0.9,29.2,-1.3,-0.3,-5.9,-7.5,13.6,30.6,21.9,41.3,18.5,-8.6,9.0,-2.5,-0.8,15.4
30,2019年11月,0.0,-2.8,25.3,27.3,31.6,2.3,6.8,28.6,,2.5,-9.3,-4.8,,,-8.7,,,-6.2,-0.5,-10.5,,,,,7.8,-18.0,,,6.7,,,-3.8,1.4,9.5,,,,,,,3.6,-1.6,16.2,18.2,-51.2,4.3,1.6,8.8,,-18.9,-15.0,4.2,-15.2,-2.0,13.6,9.4,14.4,15.3,2.8,1.7,36.3,0.2,-5.2,17.5,3.9,5.2,13.4,-22.3,,1.9,-5.7,12.3,,6.0,-0.8,-1.3,-3.1,3.1,-2.2,,4.6,1.6,27.1,-1.3,-0.4,-5.7,-6.8,13.8,33.4,20.3,44.2,3.3,-7.7,11.9,-1.7,1.1,14.5
29,2019年12月,0.7,-1.7,24.1,29.6,25.7,2.5,6.8,30.9,,3.1,-8.7,-3.7,,,-8.9,,,-6.0,-0.7,-11.4,,,,,8.4,-14.1,,,6.8,,,-3.9,2.2,9.7,,,,,,,4.5,-0.2,18.1,16.9,-63.8,3.4,-0.1,9.0,,-22.5,-17.8,8.6,-15.9,-1.2,10.4,9.1,15.8,17.9,2.9,1.4,37.2,0.3,-9.1,17.7,5.3,6.8,13.9,-15.6,,1.6,-3.6,15.7,,6.3,-0.2,1.8,-2.6,4.6,-2.4,,4.2,1.0,26.0,1.2,-1.5,-2.5,-7.5,16.8,50.5,21.9,38.1,-3.4,-7.7,17.8,-1.4,1.4,12.4
26,2020年3月,-12.1,-4.4,-3.2,4.2,1.4,-24.4,-10.8,-5.8,,-25.2,-32.8,-29.1,,,-37.1,,,-35.6,-29.4,-20.5,,,,,-11.9,-19.2,,,-24.2,,,-31.3,-32.1,-27.1,,,,,,,2.0,4.7,-10.7,-1.0,-64.0,-20.7,-28.6,-17.5,,-18.7,-53.5,-21.2,-42.1,-19.3,-33.4,-9.3,-9.3,7.6,-18.5,-13.6,-7.5,-20.5,-36.5,-4.0,-1.3,-0.9,-19.7,-25.1,,-20.7,5.9,-38.6,,-24.5,-32.9,-45.8,-25.7,-32.5,-40.7,,-30.8,-32.0,-1.2,-11.6,-27.2,-31.6,-27.8,-10.2,-13.1,-9.8,-57.3,0.0,-22.3,-31.9,-20.4,-0.9,-10.1
25,2020年4月,-3.9,1.3,-9.2,3.7,-14.9,-13.0,-4.3,-8.8,,-18.8,-27.9,-21.5,,,-32.5,,,-33.4,-24.7,-24.2,,,,,-2.7,-16.2,,,-17.5,,,-23.8,-25.1,-19.6,,,,,,,7.6,9.3,-3.8,6.6,-53.9,-12.1,-16.1,-9.4,,-16.7,-50.5,-9.5,-38.7,-15.1,-30.9,-4.5,-6.2,9.8,-11.2,-6.0,3.8,-13.6,-34.0,2.9,4.0,4.7,-14.8,-26.3,,-14.9,22.4,-35.0,,-24.6,-22.6,-41.7,-20.4,-28.2,-36.3,,-22.4,-24.9,3.3,-9.7,-22.9,-26.2,-23.0,1.1,-5.1,-1.2,-56.2,44.0,-12.6,-17.3,-12.2,6.0,-2.5
24,2020年5月,1.8,-4.2,-8.7,4.0,-18.3,-4.7,-4.5,-3.5,,-14.8,-22.9,-17.9,,,-26.2,,,-31.7,-22.2,-21.7,,,,,6.9,-23.2,,,-13.2,,,-19.4,-20.2,-15.2,,,,,,,13.8,15.4,9.3,11.0,-45.0,-6.1,-8.8,-2.9,,-11.8,-44.6,-2.2,-35.9,-12.6,-27.3,-1.8,-5.5,6.1,-6.5,-2.0,2.5,-8.3,-25.2,10.4,8.9,9.5,-8.2,-22.7,,-11.0,35.3,-29.1,,-21.9,-25.5,-39.2,-22.9,-27.1,-32.3,,-17.8,-19.9,6.8,-5.6,-23.2,-21.5,-20.1,6.9,2.0,0.4,-49.1,47.0,-11.0,-2.6,-7.7,13.3,2.1
23,2020年6月,5.5,1.0,-3.9,-2.4,-6.7,-7.0,-2.6,0.0,,-11.7,-16.8,-12.6,,,-22.4,,,-28.2,-20.0,-17.1,,,,,13.6,-16.9,,,-10.4,,,-16.5,-18.0,-12.7,,,,,,,18.2,19.3,10.5,17.7,-34.0,-1.2,2.6,0.8,,0.2,-39.6,13.5,-30.7,-9.6,-21.4,0.6,-1.4,8.8,-4.9,0.4,-1.3,-6.2,-16.1,10.8,14.0,15.2,-6.9,-23.5,,-10.9,48.1,-28.0,,-19.8,-24.1,-37.9,-20.9,-23.3,-28.5,,-14.2,-15.4,12.7,-9.6,-20.9,-16.3,-17.1,9.4,-0.5,-1.3,-48.6,17.3,-7.0,21.0,-5.7,16.9,4.7
22,2020年7月,9.2,-2.7,-11.9,-3.0,-24.1,-9.3,-9.3,2.8,,-10.2,-13.7,-9.5,,,-17.4,,,-24.9,-19.4,-16.4,,,,,14.7,-21.2,,,-8.9,,,-15.5,-16.9,-11.5,,,,,,,18.0,18.2,11.2,19.8,-34.5,0.9,5.7,2.4,,-0.1,-36.3,18.2,-28.2,-7.6,-17.0,2.1,0.1,10.3,-3.8,2.9,-0.4,-5.2,-13.2,13.5,17.0,18.2,-2.8,-22.6,,-8.6,59.2,-24.5,,-18.3,-20.5,-36.6,-20.6,-22.2,-26.5,,-13.6,-12.9,12.7,-6.5,-19.9,-14.2,-14.1,10.7,-3.2,-1.9,-44.8,13.8,-2.6,31.0,-0.6,18.8,4.0
21,2020年8月,12.7,-3.5,-9.5,1.7,-22.1,-11.4,-7.8,5.8,,-8.1,-9.9,-6.6,,,-13.9,,,-24.1,-18.4,-14.0,,,,,18.3,-22.0,,,-7.7,,,-15.4,-14.4,-9.9,,,,,,,18.4,18.1,12.6,21.2,-60.8,1.7,6.4,2.9,,0.1,-36.4,19.0,-25.6,-5.5,-16.4,3.0,2.2,2.1,-2.9,1.2,-0.1,-3.9,-10.7,11.8,16.5,17.7,-2.0,-30.9,,-6.6,68.9,-21.9,,-15.3,-21.4,-34.2,-16.7,-21.5,-24.6,,-10.4,-9.7,23.5,-6.3,-19.3,-9.4,-13.1,11.7,-0.8,-0.4,-39.6,-4.9,2.8,32.4,-0.7,20.3,5.7
20,2020年9月,15.3,-3.7,-9.5,0.4,-22.0,-11.9,-6.9,6.5,,-6.5,-6.3,-5.1,,,-11.3,,,-19.9,-16.8,-10.6,,,,,21.2,-22.3,,,-6.9,,,-12.8,-12.3,-8.5,,,,,,,17.5,16.1,14.6,22.7,-31.6,2.1,4.5,3.0,,-1.9,-28.4,20.4,-25.3,-7.2,-20.2,3.8,3.7,2.2,-2.1,0.9,4.7,-3.3,-7.7,12.7,18.9,20.3,-1.6,-22.0,,-6.6,80.0,-17.8,,-13.4,-18.2,-32.7,-17.9,-21.3,-22.4,,-8.8,-7.5,25.1,-7.0,-16.7,-6.9,-12.1,11.7,-1.5,-0.5,-35.4,-5.1,7.6,33.4,-0.4,20.4,5.4
19,2020年10月,17.5,-3.1,-8.4,2.8,-20.6,-12.8,-7.3,6.3,,-5.3,-3.9,-3.2,,,-10.5,,,-18.0,-16.1,-8.8,,,,,22.8,-20.6,,,-5.5,,,-11.8,-10.9,-7.7,,,,,,,18.2,16.9,16.4,22.5,-7.5,2.1,3.2,2.7,,2.7,-22.1,20.3,-24.2,-5.8,-15.9,4.6,4.3,4.0,-1.2,2.7,6.1,-2.5,-9.2,13.1,22.5,24.1,-0.6,-21.6,,-5.3,86.3,-16.9,,-11.3,-15.6,-31.6,-17.5,-21.2,-23.9,,-7.3,-5.8,24.8,-4.4,-15.4,-2.5,-11.6,12.0,-3.6,0.3,-37.4,-15.5,7.4,33.3,-1.8,18.7,4.5
18,2020年11月,18.0,-3.3,-9.2,2.2,-21.8,-9.9,-6.1,4.9,,-3.5,-1.8,-1.0,,,-8.0,,,-16.7,-15.1,-7.5,,,,,27.3,-21.1,,,-4.2,,,-9.6,-10.0,-5.5,,,,,,,17.5,16.8,10.8,21.7,12.6,2.0,2.0,2.2,,7.1,-19.3,20.4,-23.7,-6.2,-16.7,5.0,3.0,3.7,-0.3,3.1,8.5,-1.8,-9.8,13.9,23.7,26.1,-0.6,-9.6,,-5.4,89.8,-17.9,,-11.4,-15.0,-29.8,-15.3,-19.0,-24.0,,-3.9,-4.5,25.4,-2.9,-15.1,0.0,-10.4,14.5,-2.2,2.2,-32.9,2.5,9.0,27.3,-1.1,16.7,6.1
17,2020年12月,19.1,-3.3,-14.1,-0.7,-29.6,-10.3,-4.0,6.2,,-2.2,-0.4,-1.8,,,-6.9,,,-18.0,-15.8,-5.1,,,,,28.4,-19.4,,,-3.0,,,-8.2,-6.6,-2.3,,,,,,,17.6,17.0,8.6,22.4,9.2,1.4,-2.2,1.8,,9.5,-15.1,18.7,-21.5,-5.5,-13.3,5.0,5.0,3.4,0.2,4.5,8.6,-1.4,-2.9,12.3,26.8,29.9,1.0,-6.4,,-4.7,92.1,-17.9,,-7.8,-18.8,-31.9,-15.8,-20.5,-26.5,,-1.2,-1.2,26.5,-0.4,-12.4,2.5,-7.6,12.5,-7.1,4.1,-31.3,8.8,9.9,23.3,-0.3,16.3,9.4
14,2021年3月,43.1,13.4,20.8,10.8,-13.8,6.5,3.9,49.2,,29.8,42.8,25.6,,,18.2,,,15.1,4.9,16.2,,,,,42.7,9.5,,,29.6,,,23.6,19.0,38.1,,,,,,,20.0,22.2,1.0,19.3,47.4,31.0,66.6,25.7,,51.0,82.9,6.2,14.7,16.6,30.3,24.7,17.3,25.5,26.1,42.5,30.6,23.5,33.3,27.0,41.8,50.9,29.5,6.6,,14.8,135.6,11.8,,29.8,81.1,17.1,12.2,15.6,28.3,,48.7,37.7,66.1,24.6,-3.3,41.8,27.3,40.4,27.4,16.6,89.5,37.6,26.8,71.1,27.2,24.0,27.8
13,2021年4月,33.3,-1.6,13.0,19.3,-10.7,-1.3,-0.5,43.0,,23.8,36.7,17.8,,,22.9,,,12.5,2.5,23.1,,,,,33.1,13.0,,,23.5,,,18.4,11.8,30.2,,,,,,,14.4,17.4,-6.0,11.9,35.5,19.8,27.5,16.8,,54.2,88.2,6.2,10.6,13.8,19.3,21.2,18.1,14.8,15.6,24.9,19.3,14.1,20.7,22.1,37.7,46.5,22.7,4.1,,9.8,107.7,9.3,,28.4,37.8,10.1,3.3,8.1,19.6,,35.5,28.8,51.6,22.9,-3.0,44.5,26.8,30.8,25.0,-5.6,97.2,-11.5,16.7,26.6,17.8,18.6,13.3
12,2021年5月,26.7,-2.0,13.9,15.7,-3.9,-4.9,10.4,32.7,,20.4,34.7,16.3,,,17.1,,,9.6,-0.8,19.3,,,,,24.2,21.7,,,18.2,,,15.9,9.4,28.9,,,,,,,7.3,10.9,-14.8,4.2,41.2,12.1,7.1,10.6,,38.3,63.1,-5.0,6.1,14.3,37.1,18.4,14.8,14.8,10.2,15.4,20.0,8.7,9.3,17.8,34.7,43.6,17.2,-4.3,,4.7,89.0,7.9,,25.1,22.7,8.3,3.0,6.7,10.9,,31.8,26.7,40.0,15.5,-3.7,34.2,24.4,27.6,21.0,2.3,51.9,11.0,11.3,6.1,16.7,13.6,10.9
11,2021年6月,19.9,-11.1,11.5,10.6,-2.1,1.5,12.0,31.1,,19.2,29.8,14.3,,,15.2,,,9.0,0.0,20.4,,,,,20.7,16.6,,,16.3,,,16.6,10.6,28.5,,,,,,,3.4,6.0,-11.9,0.7,24.4,8.7,0.4,6.5,,28.0,58.6,-5.6,1.0,11.0,34.0,14.7,12.5,18.0,7.4,10.7,16.9,6.2,-4.1,14.2,28.2,35.5,10.0,-4.1,,2.5,67.3,5.9,,24.0,17.0,5.8,-0.3,3.2,9.5,,30.1,20.8,26.3,16.5,-2.3,31.4,24.2,28.3,25.1,5.5,59.7,21.6,11.6,-8.8,10.6,10.8,15.9
10,2021年7月,19.7,-11.0,8.9,8.8,-0.4,10.2,8.7,30.5,,17.3,27.3,11.8,,,12.3,,,5.6,-1.3,19.7,,,,,18.7,26.7,,,14.7,,,14.6,12.0,27.3,,,,,,,1.7,4.7,-12.6,-2.3,28.3,5.9,-4.4,4.4,,21.6,49.4,-6.0,-2.9,8.7,32.0,12.5,11.3,15.8,3.8,6.9,12.6,2.8,-6.7,12.1,24.8,31.8,5.2,-9.3,,7.1,56.5,6.1,,20.2,10.0,5.2,-0.3,0.0,6.7,,28.2,20.0,21.6,12.7,-3.5,31.5,21.3,25.4,26.1,5.2,57.7,17.6,17.9,-15.5,1.9,6.5,11.5
9,2021年8月,16.4,-9.3,6.7,4.4,-2.9,21.4,3.4,27.0,,15.7,23.8,8.8,,,13.9,,,5.6,-2.9,17.6,,,,,15.1,29.9,,,13.9,,,14.1,10.3,27.2,,,,,,,1.1,4.2,-12.9,-3.6,33.7,4.3,-4.8,2.1,,27.5,47.8,-5.4,-4.8,5.7,28.3,10.8,10.8,12.7,1.8,7.3,6.6,0.7,-8.1,12.2,26.5,33.8,4.2,-10.5,,5.2,46.3,3.9,,17.6,14.1,4.8,0.3,2.5,5.1,,22.6,18.0,16.4,10.5,-4.4,30.2,21.3,24.9,19.1,3.0,47.3,32.5,8.2,-15.5,4.0,5.3,8.4
8,2021年9月,12.9,-9.7,6.2,6.6,-5.1,25.9,-0.9,24.4,,14.8,20.6,9.4,,,13.5,,,4.6,-2.1,15.4,,,,,14.4,29.5,,,14.0,,,13.4,9.3,25.2,,,,,,,1.6,5.1,-13.0,-4.0,18.1,2.4,-4.2,0.4,,24.2,33.3,-10.2,-4.8,6.6,28.0,8.8,10.2,13.0,0.8,5.4,4.3,0.0,-9.8,10.4,24.5,31.4,3.5,-8.9,,3.0,36.8,2.4,,14.9,14.3,3.1,-0.5,3.4,4.2,,19.3,17.7,16.0,10.8,-6.5,26.7,22.0,24.4,22.4,2.9,35.6,40.4,4.8,-10.7,4.9,5.5,8.9
7,2021年10月,10.4,-9.1,5.0,3.8,-4.5,30.8,-3.4,24.0,,14.2,19.9,8.7,,,13.2,,,5.7,-0.9,13.2,,,,,13.3,31.3,,,13.9,,,13.8,11.1,25.9,,,,,,,0.4,3.5,-12.7,-4.6,11.9,2.3,-3.5,-0.2,,18.9,27.0,-14.6,-5.5,6.2,20.8,7.4,10.0,10.9,-0.4,3.4,0.2,-0.8,-7.2,10.1,22.3,28.9,2.7,-10.8,,1.6,29.8,2.9,,15.0,19.6,2.2,-1.4,5.5,6.3,,17.8,17.0,14.6,7.9,-5.5,22.1,25.0,22.5,16.6,3.7,43.5,40.3,5.9,-10.5,6.2,6.1,9.0
6,2021年11月,9.2,-6.4,7.3,7.1,-0.4,23.3,-1.2,27.2,,13.7,19.5,8.3,,,12.4,,,8.4,0.2,14.3,,,,,11.7,38.1,,,13.8,,,12.1,11.4,25.3,,,,,,,0.2,2.6,-8.6,-4.0,-0.8,1.1,-1.7,-0.3,,13.7,22.3,-17.3,-5.4,6.4,22.7,6.3,11.6,11.8,-1.3,2.1,-1.6,-1.6,-8.3,9.5,21.3,26.6,2.2,-10.6,,1.3,24.4,5.2,,17.8,23.1,1.5,-1.1,5.5,7.3,,16.6,15.5,13.6,8.5,-3.2,23.1,24.4,21.4,13.6,5.6,42.5,20.9,1.4,-6.5,4.9,8.2,8.2
5,2021年12月,9.3,-4.0,10.9,11.1,4.2,26.9,1.9,26.9,,13.5,18.8,10.4,,,11.9,,,13.7,1.7,13.3,,,,,10.6,31.8,,,14.1,,,11.4,9.8,24.3,,,,,,,1.1,3.2,-2.2,-4.2,1.6,1.6,-1.8,-1.2,,17.9,18.8,-12.1,-5.9,6.6,1.9,5.0,13.6,14.5,-1.2,1.3,-2.6,-1.3,-10.3,11.7,19.5,24.5,1.6,-38.2,,3.4,20.3,4.9,,16.8,34.5,4.1,2.0,6.7,11.2,,15.7,13.2,14.6,4.6,-3.7,20.5,23.3,22.3,12.0,6.7,43.6,-1.4,6.6,-7.0,6.4,10.5,8.0
2,2022年3月,11.4,16.9,19.0,50.8,11.3,89.8,18.2,27.3,,15.6,25.4,24.1,,,23.8,,,31.5,17.1,19.3,,,,,17.4,37.0,,,17.3,,,24.2,25.5,26.7,,,,,,,19.3,20.8,36.2,11.1,-34.6,9.6,-2.9,3.6,,13.5,-0.4,6.0,5.2,16.2,-23.8,1.8,27.8,11.8,8.0,10.0,3.9,8.1,21.4,17.2,24.9,23.8,6.8,-8.5,,21.4,-13.7,33.0,,44.6,-42.8,37.3,32.5,43.8,25.2,,16.0,18.9,7.0,9.4,12.4,22.2,42.1,27.8,36.8,19.5,9.4,-19.1,28.9,-7.8,20.7,49.1,23.0
1,2022年4月,9.6,11.9,18.8,46.1,11.9,81.9,21.3,33.7,,12.2,23.1,23.2,,,16.1,,,26.7,19.0,14.6,,,,,9.9,38.6,,,13.7,,,19.8,25.6,22.1,,,,,,,13.0,13.5,30.0,7.4,-25.0,7.4,-7.0,0.4,,3.5,-11.6,7.4,6.6,17.5,-20.5,-1.9,27.3,14.6,7.2,12.0,0.3,7.1,22.0,12.5,26.4,24.9,5.7,-3.4,,21.9,-15.8,34.3,,38.9,-38.3,36.3,32.9,36.3,22.3,,16.2,17.1,2.4,13.0,10.4,11.9,36.6,22.1,33.3,38.1,-0.7,-12.2,32.0,-8.5,21.9,39.0,19.6
0,2022年5月,9.6,15.1,17.3,40.7,12.4,82.3,12.2,26.2,,10.6,19.1,21.2,,,13.1,,,25.2,15.9,14.0,,,,,8.1,35.3,,,12.1,,,17.4,23.4,18.4,,,,,,,11.5,12.1,18.1,8.0,-24.7,6.9,-3.0,-0.3,,14.7,-10.9,16.2,5.0,16.7,-25.8,-3.2,26.4,12.3,7.9,11.8,1.7,7.9,19.8,9.0,28.1,27.8,4.2,-4.0,,24.2,-18.2,35.6,,36.4,-20.3,32.7,30.8,25.4,24.7,,13.2,14.3,0.3,14.1,11.2,14.4,36.8,21.7,36.3,20.3,-7.2,-28.8,29.3,0.6,18.8,37.3,13.7
